id,name,parent,type,is_deleted,created_at,updated_at,active,source_id
1830606,Borokhata Bazar,1830442,7,FALSE,now(),now(),TRUE,98545
1830607,Tangjara,1830442,7,FALSE,now(),now(),TRUE,98522
1830608,Tista Bazar,1830442,7,FALSE,now(),now(),TRUE,98386
1830609,Borokhata Station,1830442,7,FALSE,now(),now(),TRUE,98547
1830610,Borokhata Bazar,1830442,7,FALSE,now(),now(),TRUE,98546
1830611,Niz Shek Sundor,1830442,7,FALSE,now(),now(),TRUE,98518
1830612,Jonotarbazar,1830442,7,FALSE,now(),now(),TRUE,98516
1830613,Borokhata Bazar,1830442,7,FALSE,now(),now(),TRUE,98544
1830614,Niz Shek Sundor,1830442,7,FALSE,now(),now(),TRUE,133045
1830615,Jonotarbazar,1830442,7,FALSE,now(),now(),TRUE,147414
1830616,Tista Bazar,1830442,7,FALSE,now(),now(),TRUE,98523
1830617,Hatibandha Dighirhat,1830443,7,FALSE,now(),now(),TRUE,133049
1830618,Hatibandha Rail Station,1830443,7,FALSE,now(),now(),TRUE,133051
1830619,Hatibandha Upazila Chattar,1830443,7,FALSE,now(),now(),TRUE,147419
1830620,Hatibandha Upazila Chattar,1830443,7,FALSE,now(),now(),TRUE,133052
1830621,Hatibandha Khaner Bazar,1830443,7,FALSE,now(),now(),TRUE,133050
1830622,Hatibandha Rail Station,1830443,7,FALSE,now(),now(),TRUE,98440
1830623,Hatibandha Dighirhat,1830443,7,FALSE,now(),now(),TRUE,147420
1830624,Hatibandha Rail Station,1830443,7,FALSE,now(),now(),TRUE,98441
1830625,Hatibandha Khaner Bazar,1830443,7,FALSE,now(),now(),TRUE,147422
1830626,Mazar,1830443,7,FALSE,now(),now(),TRUE,98554
1830627,Hatibandha Upazila Chattar,1830443,7,FALSE,now(),now(),TRUE,147421
1830628,Milon Bazar,1830444,7,FALSE,now(),now(),TRUE,98555
1830629,Barakhata Goruhat,1830444,7,FALSE,now(),now(),TRUE,133053
1830630,Barakhata Bus Stand,1830444,7,FALSE,now(),now(),TRUE,147425
1830631,Barakhata BDR Bazar,1830444,7,FALSE,now(),now(),TRUE,147424
1830632,Barakhata Rail Station,1830444,7,FALSE,now(),now(),TRUE,133055
1830633,Barakhata Doani More,1830444,7,FALSE,now(),now(),TRUE,133054
1830634,Barakhata Goruhat,1830444,7,FALSE,now(),now(),TRUE,147427
1830635,Barakhata Rail Station,1830444,7,FALSE,now(),now(),TRUE,147423
1830636,Barakhata Bus Stand,1830444,7,FALSE,now(),now(),TRUE,147426
1830637,Milon Bazar,1830444,7,FALSE,now(),now(),TRUE,27415
1830638,Saniajan Bazar,1830445,7,FALSE,now(),now(),TRUE,133046
1830639,Sadur Bazar,1830445,7,FALSE,now(),now(),TRUE,98568
1830640,Adorsho Gram,1830445,7,FALSE,now(),now(),TRUE,130500
1830641,Saniajan Bazar,1830445,7,FALSE,now(),now(),TRUE,147415
1830642,Adorsho Gram,1830445,7,FALSE,now(),now(),TRUE,133048
1830643,Dowany Check Post,1830445,7,FALSE,now(),now(),TRUE,98563
1830644,Mokaddes Nagore,1830445,7,FALSE,now(),now(),TRUE,133047
1830645,Dowany Check Post,1830445,7,FALSE,now(),now(),TRUE,147416
1830646,Saniajan Bazar,1830445,7,FALSE,now(),now(),TRUE,147418
1830647,Simultola,1830445,7,FALSE,now(),now(),TRUE,77816
1830648,Dowany Check Post,1830445,7,FALSE,now(),now(),TRUE,147417
1830649,Burimari Zero Point,1830446,7,FALSE,now(),now(),TRUE,147441
1830650,Burimari Zero Point,1830446,7,FALSE,now(),now(),TRUE,97867
1830651,Burimari Dr Counter,1830446,7,FALSE,now(),now(),TRUE,97864
1830652,Burimari Bazar Main Road,1830446,7,FALSE,now(),now(),TRUE,97862
1830653,Burimari Shakkhor Plaza,1830446,7,FALSE,now(),now(),TRUE,97865
1830654,Burimari Zero Point. Burir Hotel More,1830446,7,FALSE,now(),now(),TRUE,97866
1830655,Tower Office,1830446,7,FALSE,now(),now(),TRUE,97875
1830656,Baura Vitor Bazar,1830447,7,FALSE,now(),now(),TRUE,97923
1830657,Baura Bazar College Road,1830447,7,FALSE,now(),now(),TRUE,147407
1830658,Baura Bazar,1830447,7,FALSE,now(),now(),TRUE,98472
1830659,Baura Bazar Post Office,1830447,7,FALSE,now(),now(),TRUE,147409
1830660,Baura Bazar,1830447,7,FALSE,now(),now(),TRUE,98471
1830661,Baura Bus Stand,1830447,7,FALSE,now(),now(),TRUE,98494
1830662,Baura Bazar,1830447,7,FALSE,now(),now(),TRUE,147411
1830663,Baura Bus Stand,1830447,7,FALSE,now(),now(),TRUE,147410
1830664,Baura Bazar S Road,1830447,7,FALSE,now(),now(),TRUE,147408
1830665,Baura Bus Stand,1830447,7,FALSE,now(),now(),TRUE,147413
1830666,Baura Bazar Post Office,1830447,7,FALSE,now(),now(),TRUE,147412
1830667,Patgram Bridge Matha,1830448,7,FALSE,now(),now(),TRUE,97997
1830668,Patgram Tetul Tola,1830448,7,FALSE,now(),now(),TRUE,97873
1830669,Patgram Shaheb Danga,1830448,7,FALSE,now(),now(),TRUE,97872
1830670,Patgram Chipa Goli,1830448,7,FALSE,now(),now(),TRUE,97891
1830671,Patgram Purbo Chourongi,1830448,7,FALSE,now(),now(),TRUE,97871
1830672,Patgram Thana More,1830448,7,FALSE,now(),now(),TRUE,97894
1830673,Patgram Purbo Chourongi,1830448,7,FALSE,now(),now(),TRUE,133056
1830674,Master Para,1830448,7,FALSE,now(),now(),TRUE,74549
1830675,Patgram Tn S,1830448,7,FALSE,now(),now(),TRUE,97895
1830676,Patgram Upazila More,1830448,7,FALSE,now(),now(),TRUE,97908
1830677,Patgram Post Office,1830448,7,FALSE,now(),now(),TRUE,97893
1830678,Patgram Thana More,1830448,7,FALSE,now(),now(),TRUE,133057
1830679,Patgram Bridge Matha,1830448,7,FALSE,now(),now(),TRUE,147428
1830680,Master para,1830448,7,FALSE,now(),now(),TRUE,118048
1830681,Patgram Bypass More,1830449,7,FALSE,now(),now(),TRUE,97979
1830682,Patgram Bypass More,1830449,7,FALSE,now(),now(),TRUE,97980
1830683,College More,1830449,7,FALSE,now(),now(),TRUE,121909
1830684,Kot Toli,1830449,7,FALSE,now(),now(),TRUE,147440
1830685,Chilar Bazar,1830449,7,FALSE,now(),now(),TRUE,147439
1830686,New Bus Stand,1830449,7,FALSE,now(),now(),TRUE,133067
1830687,Kot Toli,1830449,7,FALSE,now(),now(),TRUE,97991
1830688,Patgram Shareo Bazar,1830449,7,FALSE,now(),now(),TRUE,98017
1830689,Chilar Bazar,1830449,7,FALSE,now(),now(),TRUE,147438
1830690,College More,1830449,7,FALSE,now(),now(),TRUE,67102
1830691,Mesirpar,1830449,7,FALSE,now(),now(),TRUE,97994
1830692,Burimari Petrol Pamp,1830450,7,FALSE,now(),now(),TRUE,97883
1830693,Burimari Ghunti Bazar,1830450,7,FALSE,now(),now(),TRUE,97881
1830694,Burimari Vitor Bazar,1830450,7,FALSE,now(),now(),TRUE,97885
1830695,Burimari Track Stand,1830450,7,FALSE,now(),now(),TRUE,97884
1830696,Burimari Vitor Bazar,1830450,7,FALSE,now(),now(),TRUE,133068
1830697,Burimari Petrol Pamp,1830450,7,FALSE,now(),now(),TRUE,133069
1830698,Burimari Ghater Par,1830450,7,FALSE,now(),now(),TRUE,97880
1830699,Burimari Track Stand,1830450,7,FALSE,now(),now(),TRUE,147442
1830700,Burimari Janota Bank,1830450,7,FALSE,now(),now(),TRUE,97882
1830701,Baura Kabarsthan,1830451,7,FALSE,now(),now(),TRUE,147399
1830702,Sharkarer Hat,1830451,7,FALSE,now(),now(),TRUE,97936
1830703,Jonatarhat,1830451,7,FALSE,now(),now(),TRUE,98528
1830704,Baura Kabarsthan,1830451,7,FALSE,now(),now(),TRUE,147398
1830705,Sharkarer Hat Kafir Bazar,1830451,7,FALSE,now(),now(),TRUE,98535
1830706,Sharkarer Hat,1830451,7,FALSE,now(),now(),TRUE,133044
1830707,Sharkarer Hat,1830451,7,FALSE,now(),now(),TRUE,147400
1830708,Alauddin Nagar,1830451,7,FALSE,now(),now(),TRUE,147401
1830709,Jonatarhat,1830451,7,FALSE,now(),now(),TRUE,147404
1830710,Sharkarer Hat Kafir Bazar,1830451,7,FALSE,now(),now(),TRUE,147405
1830711,Rail Get Sofirhat,1830451,7,FALSE,now(),now(),TRUE,133043
1830712,Alauddin Nagar,1830451,7,FALSE,now(),now(),TRUE,147403
1830713,Baura Kabarsthan,1830451,7,FALSE,now(),now(),TRUE,147402
1830714,Jonatarhat,1830451,7,FALSE,now(),now(),TRUE,147406
1830715,Patgram Station Road,1830452,7,FALSE,now(),now(),TRUE,97907
1830716,Patgram Rail Gate,1830452,7,FALSE,now(),now(),TRUE,97906
1830717,Patgram Rail Station,1830452,7,FALSE,now(),now(),TRUE,97982
1830718,Patgram Vitor Bazar,1830452,7,FALSE,now(),now(),TRUE,147431
1830719,Patgram Vitor Bazar,1830452,7,FALSE,now(),now(),TRUE,97910
1830720,Patgram Paschim Rail Gate,1830452,7,FALSE,now(),now(),TRUE,97981
1830721,Patgram Rail Station,1830452,7,FALSE,now(),now(),TRUE,133058
1830722,Patgram Station Road,1830452,7,FALSE,now(),now(),TRUE,147430
1830723,Patgram Puraton Bus Stand More,1830452,7,FALSE,now(),now(),TRUE,147429
1830724,Patgram Chourongi More,1830452,7,FALSE,now(),now(),TRUE,97904
1830725,Patgram Mosjid,1830452,7,FALSE,now(),now(),TRUE,97905
1830726,Patgram Puraton Bus Stand More,1830452,7,FALSE,now(),now(),TRUE,147432
1830727,Patgram Chourongi More,1830452,7,FALSE,now(),now(),TRUE,147433
1830728,Banger Bari,1830453,7,FALSE,now(),now(),TRUE,97939
1830729,Lolitar Hat,1830453,7,FALSE,now(),now(),TRUE,97945
1830730,Pan Bari,1830453,7,FALSE,now(),now(),TRUE,97946
1830731,Guscho Gram,1830453,7,FALSE,now(),now(),TRUE,97941
1830732,Hagigonj Notunhat,1830453,7,FALSE,now(),now(),TRUE,97942
1830733,Lolitar Hat,1830453,7,FALSE,now(),now(),TRUE,97944
1830734,Pan Bari,1830453,7,FALSE,now(),now(),TRUE,133061
1830735,Auliar Hat,1830454,7,FALSE,now(),now(),TRUE,97920
1830736,Kawya Mari Bazar,1830454,7,FALSE,now(),now(),TRUE,97932
1830737,Kathal Toli,1830454,7,FALSE,now(),now(),TRUE,97929
1830738,Patgram Anto Zila,1830454,7,FALSE,now(),now(),TRUE,147436
1830739,Moddho Islampur,1830454,7,FALSE,now(),now(),TRUE,97934
1830740,Patgram Anto Zila,1830454,7,FALSE,now(),now(),TRUE,97975
1830741,Kamlar Bazar,1830454,7,FALSE,now(),now(),TRUE,97927
1830742,Islampur,1830454,7,FALSE,now(),now(),TRUE,97924
1830743,Kathal Toli,1830454,7,FALSE,now(),now(),TRUE,45561
1830744,Patgram Anto Zila,1830454,7,FALSE,now(),now(),TRUE,147435
1830745,Fatur Bazar,1830455,7,FALSE,now(),now(),TRUE,98008
1830746,Ververirhat,1830455,7,FALSE,now(),now(),TRUE,97966
1830747,Daloyar Para,1830455,7,FALSE,now(),now(),TRUE,133059
1830748,Kalirhat,1830455,7,FALSE,now(),now(),TRUE,98020
1830749,Kosuabazar,1830455,7,FALSE,now(),now(),TRUE,98022
1830750,Tongting Danga,1830456,7,FALSE,now(),now(),TRUE,98033
1830751,Munsir Hat,1830456,7,FALSE,now(),now(),TRUE,98031
1830752,Kadur Bazar,1830456,7,FALSE,now(),now(),TRUE,97989
1830753,Kashir Danga,1830456,7,FALSE,now(),now(),TRUE,98011
1830754,Sohagpur,1830456,7,FALSE,now(),now(),TRUE,98032
1830755,Lal School,1830456,7,FALSE,now(),now(),TRUE,133060
1830756,Balapara Kutir Para,1830456,7,FALSE,now(),now(),TRUE,98025
1830757,Bottola Bajar,1830456,7,FALSE,now(),now(),TRUE,98026
1830758,Munsir Hat,1830456,7,FALSE,now(),now(),TRUE,147434
1830759,Masir Bazar,1830457,7,FALSE,now(),now(),TRUE,133063
1830760,Haziganj Bazar,1830457,7,FALSE,now(),now(),TRUE,133062
1830761,Rajarhat,1830457,7,FALSE,now(),now(),TRUE,45534
1830762,Burimari Beltoli,1830457,7,FALSE,now(),now(),TRUE,97878
1830763,Kamarer Hat,1830457,7,FALSE,now(),now(),TRUE,97955
1830764,Soner Vita Bazar,1830457,7,FALSE,now(),now(),TRUE,97965
1830765,Burimari Main Road,1830457,7,FALSE,now(),now(),TRUE,97950
1830766,Mosjider Par,1830457,7,FALSE,now(),now(),TRUE,97960
1830767,Rajarhat,1830457,7,FALSE,now(),now(),TRUE,97998
1830768,Burimari Beltoli,1830457,7,FALSE,now(),now(),TRUE,133066
1830769,Sahidul More,1830457,7,FALSE,now(),now(),TRUE,97963
1830770,Burimari Main Road,1830457,7,FALSE,now(),now(),TRUE,133064
1830771,Haziganj Bazar,1830457,7,FALSE,now(),now(),TRUE,147437
1830772,Medical More,1830457,7,FALSE,now(),now(),TRUE,133065
1830773,Sahidul More,1830457,7,FALSE,now(),now(),TRUE,97964
1830774,Khochabari bazar,1830458,7,FALSE,now(),now(),TRUE,148488
1830775,Khochabari,1830458,7,FALSE,now(),now(),TRUE,148485
1830776,Dadar Hat,1830458,7,FALSE,now(),now(),TRUE,148487
1830777,Kaligonj Bazar,1830458,7,FALSE,now(),now(),TRUE,6532
1830778,Kamar Para,1830458,7,FALSE,now(),now(),TRUE,67934
1830779,Kaligonj,1830458,7,FALSE,now(),now(),TRUE,48972
1830780,Khoger Hat,1830458,7,FALSE,now(),now(),TRUE,148489
1830781,Kaligonj vitor bazar,1830458,7,FALSE,now(),now(),TRUE,148486
1830782,Kaligonj vitor bazar,1830458,7,FALSE,now(),now(),TRUE,148490
1830783,Khochabari,1830458,7,FALSE,now(),now(),TRUE,148491
1830784,Kaligonj Bazar,1830458,7,FALSE,now(),now(),TRUE,65081
1830785,Laxmir Haat Bazar,1830459,7,FALSE,now(),now(),TRUE,148483
1830786,Aktar Mor,1830459,7,FALSE,now(),now(),TRUE,148482
1830787,Laxmir Haat Bazar,1830459,7,FALSE,now(),now(),TRUE,148479
1830788,Shantir Haat,1830459,7,FALSE,now(),now(),TRUE,82427
1830789,Aktar Mor,1830459,7,FALSE,now(),now(),TRUE,148484
1830790,Kalur Hat,1830459,7,FALSE,now(),now(),TRUE,148480
1830791,Laxmir Haat,1830459,7,FALSE,now(),now(),TRUE,148481
1830792,Laxmir Haat Chourasta,1830459,7,FALSE,now(),now(),TRUE,148478
1830793,Shantir Haat,1830459,7,FALSE,now(),now(),TRUE,82328
1830794,Vaulagonj,1830460,7,FALSE,now(),now(),TRUE,117864
1830795,Vaulagonj road,1830460,7,FALSE,now(),now(),TRUE,148493
1830796,Tokra Vasa,1830460,7,FALSE,now(),now(),TRUE,148492
1830797,Vaulagonj bazar,1830460,7,FALSE,now(),now(),TRUE,148494
1830798,Teprigonj,1830460,7,FALSE,now(),now(),TRUE,95546
1830799,Vaulagonj,1830460,7,FALSE,now(),now(),TRUE,148495
1830800,Golchottor,1830461,7,FALSE,now(),now(),TRUE,113459
1830801,LSD Road bazar,1830461,7,FALSE,now(),now(),TRUE,148497
1830802,LSD,1830461,7,FALSE,now(),now(),TRUE,148498
1830803,LSD Road bazar,1830461,7,FALSE,now(),now(),TRUE,148505
1830804,Vitor Bazar,1830461,7,FALSE,now(),now(),TRUE,47125
1830805,LSD Road,1830461,7,FALSE,now(),now(),TRUE,148502
1830806,LSD,1830461,7,FALSE,now(),now(),TRUE,148496
1830807,LSD Road,1830461,7,FALSE,now(),now(),TRUE,148501
1830808,LSD Road,1830461,7,FALSE,now(),now(),TRUE,95595
1830809,Kachabazar,1830461,7,FALSE,now(),now(),TRUE,70356
1830810,Babu Market,1830461,7,FALSE,now(),now(),TRUE,133146
1830811,LSD Road bazar,1830461,7,FALSE,now(),now(),TRUE,148503
1830812,Babu Market,1830461,7,FALSE,now(),now(),TRUE,148504
1830813,LSD,1830461,7,FALSE,now(),now(),TRUE,148500
1830814,Golchottor,1830461,7,FALSE,now(),now(),TRUE,148508
1830815,Vitor Bazar,1830461,7,FALSE,now(),now(),TRUE,92534
1830816,Golchottor,1830461,7,FALSE,now(),now(),TRUE,148506
1830817,LSD,1830461,7,FALSE,now(),now(),TRUE,148499
1830818,Golchottor,1830461,7,FALSE,now(),now(),TRUE,148507
1830819,Kalabgonj,1830462,7,FALSE,now(),now(),TRUE,148441
1830820,Bot Tola,1830462,7,FALSE,now(),now(),TRUE,34414
1830821,Moydan Hat,1830462,7,FALSE,now(),now(),TRUE,148442
1830822,Harir Haat,1830462,7,FALSE,now(),now(),TRUE,148447
1830823,Sonahar Road,1830462,7,FALSE,now(),now(),TRUE,148445
1830824,Hospital Gate,1830462,7,FALSE,now(),now(),TRUE,42126
1830825,Sonahar bazar,1830462,7,FALSE,now(),now(),TRUE,148446
1830826,Sonahar,1830462,7,FALSE,now(),now(),TRUE,148444
1830827,Nurur Bazaar,1830462,7,FALSE,now(),now(),TRUE,148443
1830828,Sonahar,1830462,7,FALSE,now(),now(),TRUE,148448
1830829,Traffic Mor,1830463,7,FALSE,now(),now(),TRUE,148460
1830830,Dhangir Hat,1830463,7,FALSE,now(),now(),TRUE,95520
1830831,Dula Jhari,1830463,7,FALSE,now(),now(),TRUE,148459
1830832,Farmgate,1830463,7,FALSE,now(),now(),TRUE,95562
1830833,Traffic Mor,1830463,7,FALSE,now(),now(),TRUE,148458
1830834,Kalibari,1830463,7,FALSE,now(),now(),TRUE,56678
1830835,Taka Hara,1830463,7,FALSE,now(),now(),TRUE,148457
1830836,Dhangir Hat,1830463,7,FALSE,now(),now(),TRUE,148461
1830837,Debigonj Chowrasta,1830464,7,FALSE,now(),now(),TRUE,148463
1830838,Fulbari,1830464,7,FALSE,now(),now(),TRUE,124370
1830839,Hospital,1830464,7,FALSE,now(),now(),TRUE,48667
1830840,Traffic Mor,1830464,7,FALSE,now(),now(),TRUE,148460
1830841,Pakhorer Mor,1830464,7,FALSE,now(),now(),TRUE,148465
1830842,Traffic Mor,1830464,7,FALSE,now(),now(),TRUE,148458
1830843,Babur Hat,1830464,7,FALSE,now(),now(),TRUE,70951
1830844,Gazukati Bazar,1830464,7,FALSE,now(),now(),TRUE,148462
1830845,Debigonj Chowrasta,1830464,7,FALSE,now(),now(),TRUE,148469
1830846,Gazukati,1830464,7,FALSE,now(),now(),TRUE,148464
1830847,Debigonj Chowrasta,1830464,7,FALSE,now(),now(),TRUE,148466
1830848,Bus Stand,1830464,7,FALSE,now(),now(),TRUE,12252
1830849,Bus Stand,1830464,7,FALSE,now(),now(),TRUE,45586
1830850,Gazukati Bazar,1830464,7,FALSE,now(),now(),TRUE,148468
1830851,Farm Gate,1830464,7,FALSE,now(),now(),TRUE,148467
1830852,Farm Gate,1830464,7,FALSE,now(),now(),TRUE,95561
1830853,Debigonj Bazar,1830465,7,FALSE,now(),now(),TRUE,148514
1830854,Beltoli,1830465,7,FALSE,now(),now(),TRUE,33606
1830855,Board Bazaar,1830465,7,FALSE,now(),now(),TRUE,148510
1830856,Gelondi Bazar,1830465,7,FALSE,now(),now(),TRUE,148513
1830857,Dadar Haat,1830465,7,FALSE,now(),now(),TRUE,148511
1830858,Bottoli Bazar,1830465,7,FALSE,now(),now(),TRUE,37547
1830859,Shiber Haat,1830465,7,FALSE,now(),now(),TRUE,148509
1830860,Doshemana,1830465,7,FALSE,now(),now(),TRUE,148512
1830861,Board Bazaar,1830465,7,FALSE,now(),now(),TRUE,148516
1830862,Shiber Haat,1830465,7,FALSE,now(),now(),TRUE,148517
1830863,Debigonj Bazar,1830465,7,FALSE,now(),now(),TRUE,148515
1830864,Fulbari Bazar,1830466,7,FALSE,now(),now(),TRUE,33147
1830865,Moumari Bazar,1830466,7,FALSE,now(),now(),TRUE,148451
1830866,Fulbari Mor,1830466,7,FALSE,now(),now(),TRUE,148449
1830867,Mota Sonnashi,1830466,7,FALSE,now(),now(),TRUE,148452
1830868,Prem Bazar,1830466,7,FALSE,now(),now(),TRUE,111828
1830869,Fulbari Bazar,1830466,7,FALSE,now(),now(),TRUE,148455
1830870,Fulbari,1830466,7,FALSE,now(),now(),TRUE,124370
1830871,Fulbari Mor,1830466,7,FALSE,now(),now(),TRUE,148450
1830872,Fulbari,1830466,7,FALSE,now(),now(),TRUE,132354
1830873,Fulbari,1830466,7,FALSE,now(),now(),TRUE,64641
1830874,Prem Bazar,1830466,7,FALSE,now(),now(),TRUE,148454
1830875,Hazera Danga,1830466,7,FALSE,now(),now(),TRUE,148456
1830876,Hazera Danga,1830466,7,FALSE,now(),now(),TRUE,148453
1830877,Moratoli,1830467,7,FALSE,now(),now(),TRUE,148473
1830878,Teprigonj Mor,1830467,7,FALSE,now(),now(),TRUE,148471
1830879,Kaderer More,1830467,7,FALSE,now(),now(),TRUE,109145
1830880,LSD Mor,1830467,7,FALSE,now(),now(),TRUE,148474
1830881,Tistar Hat,1830467,7,FALSE,now(),now(),TRUE,148470
1830882,Teprigonj bazar,1830467,7,FALSE,now(),now(),TRUE,148472
1830883,LSD Road,1830467,7,FALSE,now(),now(),TRUE,95595
1830884,Teprigonj,1830467,7,FALSE,now(),now(),TRUE,95546
1830885,Teprigonj bazar,1830467,7,FALSE,now(),now(),TRUE,148477
1830886,LSD Mor,1830467,7,FALSE,now(),now(),TRUE,148475
1830887,Teprigonj Mor,1830467,7,FALSE,now(),now(),TRUE,148476
1830888,Moktar Para,1830468,7,FALSE,now(),now(),TRUE,148740
1830889,Moktar Para,1830468,7,FALSE,now(),now(),TRUE,92176
1830890,Sheikher Hat,1830468,7,FALSE,now(),now(),TRUE,148743
1830891,Chilakhana,1830468,7,FALSE,now(),now(),TRUE,92173
1830892,Chang Mari,1830468,7,FALSE,now(),now(),TRUE,92169
1830893,Sheikher Hat,1830468,7,FALSE,now(),now(),TRUE,62872
1830894,Chilakhana,1830468,7,FALSE,now(),now(),TRUE,92172
1830895,Mominpur Hat,1830468,7,FALSE,now(),now(),TRUE,92178
1830896,Moktar Para,1830468,7,FALSE,now(),now(),TRUE,92175
1830897,Chang Mari,1830468,7,FALSE,now(),now(),TRUE,148741
1830898,Chang Mari,1830468,7,FALSE,now(),now(),TRUE,92170
1830899,Board Ghor Road,1830468,7,FALSE,now(),now(),TRUE,148742
1830900,Mominpur Hat,1830468,7,FALSE,now(),now(),TRUE,92179
1830901,Ambagan,1830469,7,FALSE,now(),now(),TRUE,142959
1830902,Pathaner Hat,1830469,7,FALSE,now(),now(),TRUE,92129
1830903,Bater Tal,1830469,7,FALSE,now(),now(),TRUE,92115
1830904,Laldighi Bazar Vitor,1830469,7,FALSE,now(),now(),TRUE,148746
1830905,Laldighi Bazar Vitor,1830469,7,FALSE,now(),now(),TRUE,148744
1830906,Kalir Ghat,1830469,7,FALSE,now(),now(),TRUE,92119
1830907,Chompatoli,1830469,7,FALSE,now(),now(),TRUE,92117
1830908,Kalir Ghat,1830469,7,FALSE,now(),now(),TRUE,92120
1830909,Kalir Ghat,1830469,7,FALSE,now(),now(),TRUE,92122
1830910,Laldighi Bazar,1830469,7,FALSE,now(),now(),TRUE,92124
1830911,Hatkola para,1830469,7,FALSE,now(),now(),TRUE,92118
1830912,Bater Tal,1830469,7,FALSE,now(),now(),TRUE,92114
1830913,Bater Tal,1830469,7,FALSE,now(),now(),TRUE,92116
1830914,Laldighi Bazar,1830469,7,FALSE,now(),now(),TRUE,148745
1830915,Pakar Matha,1830470,7,FALSE,now(),now(),TRUE,70976
1830916,Pakar Matha,1830470,7,FALSE,now(),now(),TRUE,76630
1830917,Boiragi Mor,1830470,7,FALSE,now(),now(),TRUE,92091
1830918,Ersad Bridge Road,1830470,7,FALSE,now(),now(),TRUE,148753
1830919,Ersad Bridge Road,1830470,7,FALSE,now(),now(),TRUE,148752
1830920,Ersad Bridge,1830470,7,FALSE,now(),now(),TRUE,92093
1830921,Board Ghar,1830470,7,FALSE,now(),now(),TRUE,92088
1830922,Pakar Matha,1830470,7,FALSE,now(),now(),TRUE,131001
1830923,Bicharpotir More,1830470,7,FALSE,now(),now(),TRUE,92240
1830924,Kathakoli Road,1830470,7,FALSE,now(),now(),TRUE,92096
1830925,Kathakoli Road,1830470,7,FALSE,now(),now(),TRUE,92097
1830926,Ersad Bridge,1830470,7,FALSE,now(),now(),TRUE,92092
1830927,Board Ghar,1830470,7,FALSE,now(),now(),TRUE,92089
1830928,Zela Para,1830470,7,FALSE,now(),now(),TRUE,148751
1830929,Haque Counter,1830470,7,FALSE,now(),now(),TRUE,92095
1830930,Zela Para,1830470,7,FALSE,now(),now(),TRUE,92250
1830931,Boiragi Mor,1830470,7,FALSE,now(),now(),TRUE,92090
1830932,Ersad Bridge,1830470,7,FALSE,now(),now(),TRUE,92094
1830933,Pakar Matha,1830470,7,FALSE,now(),now(),TRUE,63833
1830934,13 No Rail Gate,1830471,7,FALSE,now(),now(),TRUE,92134
1830935,Boirampur Hat,1830471,7,FALSE,now(),now(),TRUE,92137
1830936,Kacha Bari,1830471,7,FALSE,now(),now(),TRUE,92143
1830937,Chou Poti,1830471,7,FALSE,now(),now(),TRUE,92140
1830938,Badarganj Bus Stand road,1830471,7,FALSE,now(),now(),TRUE,148747
1830939,13 No Rail Gate,1830471,7,FALSE,now(),now(),TRUE,92135
1830940,Chou Poti,1830471,7,FALSE,now(),now(),TRUE,92141
1830941,13 No Rail Gate Road,1830471,7,FALSE,now(),now(),TRUE,148748
1830942,Kacha Bari,1830471,7,FALSE,now(),now(),TRUE,92144
1830943,Boirampur,1830471,7,FALSE,now(),now(),TRUE,133211
1830944,13 No Rail Gate Road,1830471,7,FALSE,now(),now(),TRUE,148749
1830945,Kala Amer Tal,1830471,7,FALSE,now(),now(),TRUE,92148
1830946,Mondoler Hat,1830471,7,FALSE,now(),now(),TRUE,91810
1830947,Murir Mill,1830471,7,FALSE,now(),now(),TRUE,92150
1830948,Murir Mill,1830471,7,FALSE,now(),now(),TRUE,92149
1830949,13 No Rail Gate,1830471,7,FALSE,now(),now(),TRUE,148750
1830950,Kala Amer Tal,1830471,7,FALSE,now(),now(),TRUE,92147
1830951,Boirampur Hat,1830471,7,FALSE,now(),now(),TRUE,92138
1830952,Mondoler Hat,1830471,7,FALSE,now(),now(),TRUE,91811
1830953,Sonali Bank More,1830472,7,FALSE,now(),now(),TRUE,70557
1830954,Badargonj Railstation (Platform),1830472,7,FALSE,now(),now(),TRUE,92254
1830955,Badargonj Railstation (Bahir),1830472,7,FALSE,now(),now(),TRUE,92251
1830956,Mastarpara,1830472,7,FALSE,now(),now(),TRUE,92244
1830957,Badargonj Railstation,1830472,7,FALSE,now(),now(),TRUE,92256
1830958,Badargonj Railstation (Platform),1830472,7,FALSE,now(),now(),TRUE,92253
1830959,Bow Bazar,1830472,7,FALSE,now(),now(),TRUE,17764
1830960,Badargonj Railstation (Platform),1830472,7,FALSE,now(),now(),TRUE,92252
1830961,Badorgonj Bus Strand,1830472,7,FALSE,now(),now(),TRUE,92136
1830962,Sardarpara,1830472,7,FALSE,now(),now(),TRUE,148764
1830963,Jamubari Sodarpara,1830472,7,FALSE,now(),now(),TRUE,92260
1830964,Bichi Bari,1830472,7,FALSE,now(),now(),TRUE,92258
1830965,Badargonj Railstation,1830472,7,FALSE,now(),now(),TRUE,92257
1830966,Badargonj Railstation (Platform),1830472,7,FALSE,now(),now(),TRUE,92255
1830967,Santinagor,1830473,7,FALSE,now(),now(),TRUE,92159
1830968,Taxer Hat,1830473,7,FALSE,now(),now(),TRUE,92165
1830969,Santinagor,1830473,7,FALSE,now(),now(),TRUE,92157
1830970,Saha Pur,1830473,7,FALSE,now(),now(),TRUE,35962
1830971,Banglar Hat,1830473,7,FALSE,now(),now(),TRUE,92235
1830972,Taxer Hat Vitor Bazar,1830473,7,FALSE,now(),now(),TRUE,148736
1830973,Saha Pur,1830473,7,FALSE,now(),now(),TRUE,92153
1830974,Taxer Hat Bazar,1830473,7,FALSE,now(),now(),TRUE,148738
1830975,Three Star Community Center Gate,1830473,7,FALSE,now(),now(),TRUE,92168
1830976,Banglar Hat,1830473,7,FALSE,now(),now(),TRUE,92236
1830977,Santinagor,1830473,7,FALSE,now(),now(),TRUE,92158
1830978,Mira Para,1830473,7,FALSE,now(),now(),TRUE,13870
1830979,Fire Service Office,1830473,7,FALSE,now(),now(),TRUE,92151
1830980,Mira Para,1830473,7,FALSE,now(),now(),TRUE,45218
1830981,Taxer Hat Road,1830473,7,FALSE,now(),now(),TRUE,148735
1830982,Saha Pur,1830473,7,FALSE,now(),now(),TRUE,92154
1830983,Taxer Hat Road,1830473,7,FALSE,now(),now(),TRUE,148739
1830984,Taxer Hat,1830473,7,FALSE,now(),now(),TRUE,148737
1830985,Banglar Hat,1830473,7,FALSE,now(),now(),TRUE,92237
1830986,Saha Pur,1830473,7,FALSE,now(),now(),TRUE,92155
1830987,Boter Tol,1830474,7,FALSE,now(),now(),TRUE,92103
1830988,Boter Tol,1830474,7,FALSE,now(),now(),TRUE,92104
1830989,Medical More Badarganj,1830474,7,FALSE,now(),now(),TRUE,148754
1830990,Bishno Pur,1830474,7,FALSE,now(),now(),TRUE,92100
1830991,Kuthir Par,1830474,7,FALSE,now(),now(),TRUE,92108
1830992,Mohila College More,1830474,7,FALSE,now(),now(),TRUE,148758
1830993,Pach Tepotir More,1830474,7,FALSE,now(),now(),TRUE,92113
1830994,Medical Road Badarganj,1830474,7,FALSE,now(),now(),TRUE,148757
1830995,Mohila College Road,1830474,7,FALSE,now(),now(),TRUE,46590
1830996,Medical More Badarganj,1830474,7,FALSE,now(),now(),TRUE,148756
1830997,Medical Road Badarganj,1830474,7,FALSE,now(),now(),TRUE,148755
1830998,Mohila College More,1830474,7,FALSE,now(),now(),TRUE,144132
1830999,Boter Tol,1830474,7,FALSE,now(),now(),TRUE,92105
1831000,Sahapara,1830474,7,FALSE,now(),now(),TRUE,121151
1831001,Mohila College More,1830474,7,FALSE,now(),now(),TRUE,148759
1831002,Sahapara,1830474,7,FALSE,now(),now(),TRUE,55557
1831003,Boter Tol,1830474,7,FALSE,now(),now(),TRUE,148761
1831004,Bishno Pur,1830474,7,FALSE,now(),now(),TRUE,92101
1831005,Mohila College Road,1830474,7,FALSE,now(),now(),TRUE,148760
1831006,Bishno Pur,1830474,7,FALSE,now(),now(),TRUE,92102
1831007,Thana Road,1830475,7,FALSE,now(),now(),TRUE,6940
1831008,Goru Hat,1830475,7,FALSE,now(),now(),TRUE,22634
1831009,Puraton Bazar Road,1830475,7,FALSE,now(),now(),TRUE,148734
1831010,Kacha Bazar More,1830475,7,FALSE,now(),now(),TRUE,92201
1831011,Pollibiddut Road,1830475,7,FALSE,now(),now(),TRUE,92207
1831012,Mita Hall,1830475,7,FALSE,now(),now(),TRUE,92205
1831013,Mita Hall,1830475,7,FALSE,now(),now(),TRUE,92206
1831014,Puraton Bazar Road,1830475,7,FALSE,now(),now(),TRUE,85900
1831015,Dhan Hati,1830475,7,FALSE,now(),now(),TRUE,91924
1831016,Kacha Bazar More,1830475,7,FALSE,now(),now(),TRUE,92203
1831017,Puraton Bazar,1830476,7,FALSE,now(),now(),TRUE,121866
1831018,Notun Bazar,1830476,7,FALSE,now(),now(),TRUE,19475
1831019,Haque More,1830476,7,FALSE,now(),now(),TRUE,92081
1831020,Notun Bazar,1830476,7,FALSE,now(),now(),TRUE,17145
1831021,Sohid Minar More,1830476,7,FALSE,now(),now(),TRUE,92086
1831022,Puraton Bazar Road,1830476,7,FALSE,now(),now(),TRUE,85900
1831023,Notun Bazar vitor,1830476,7,FALSE,now(),now(),TRUE,148763
1831024,Sohid Minar More,1830476,7,FALSE,now(),now(),TRUE,92087
1831025,Notun Bazar vitor,1830476,7,FALSE,now(),now(),TRUE,148762
1831026,Haque More,1830476,7,FALSE,now(),now(),TRUE,92082
1831027,Osman Pur,1830477,7,FALSE,now(),now(),TRUE,92190
1831028,Badarganj CO Bazar,1830477,7,FALSE,now(),now(),TRUE,148727
1831029,Pokhi hana,1830477,7,FALSE,now(),now(),TRUE,148733
1831030,Pokhi hana,1830477,7,FALSE,now(),now(),TRUE,148730
1831031,Badarganj CO Bazar Road,1830477,7,FALSE,now(),now(),TRUE,148728
1831032,C.o.Road,1830477,7,FALSE,now(),now(),TRUE,92185
1831033,Unta Para,1830477,7,FALSE,now(),now(),TRUE,92198
1831034,Noya Para,1830477,7,FALSE,now(),now(),TRUE,123108
1831035,Osman Pur,1830477,7,FALSE,now(),now(),TRUE,92191
1831036,Noya Para,1830477,7,FALSE,now(),now(),TRUE,93624
1831037,RBB 2 Vata,1830477,7,FALSE,now(),now(),TRUE,92197
1831038,Pokhi hana,1830477,7,FALSE,now(),now(),TRUE,148729
1831039,Pokhi hana,1830477,7,FALSE,now(),now(),TRUE,148732
1831040,Badarganj CO Bazar,1830477,7,FALSE,now(),now(),TRUE,148731
1831041,Foyjar Para,1830478,7,FALSE,now(),now(),TRUE,92227
1831042,Kumar Para,1830478,7,FALSE,now(),now(),TRUE,24162
1831043,Harivanga,1830478,7,FALSE,now(),now(),TRUE,92230
1831044,12 No Rail Gate,1830478,7,FALSE,now(),now(),TRUE,92221
1831045,12 No Rail Gate,1830478,7,FALSE,now(),now(),TRUE,92220
1831046,Foyjar Para,1830478,7,FALSE,now(),now(),TRUE,92228
1831047,Laldighi Natun Bazar,1830478,7,FALSE,now(),now(),TRUE,92231
1831048,Gujir Danga Hat,1830478,7,FALSE,now(),now(),TRUE,92229
1831049,Ambiyar More,1830478,7,FALSE,now(),now(),TRUE,92222
1831050,Maya Vobon,1830478,7,FALSE,now(),now(),TRUE,92232
1831051,Baluya Vata,1830478,7,FALSE,now(),now(),TRUE,92225
1831052,Ambiyar More,1830478,7,FALSE,now(),now(),TRUE,92223
1831053,Ambiyar More,1830478,7,FALSE,now(),now(),TRUE,92224
1831054,Rahamat Bazar,1830479,7,FALSE,now(),now(),TRUE,92217
1831055,Vatar Par,1830479,7,FALSE,now(),now(),TRUE,92218
1831056,Kazir Hat,1830479,7,FALSE,now(),now(),TRUE,47700
1831057,Bala Para Road,1830479,7,FALSE,now(),now(),TRUE,148725
1831058,Bala Para,1830479,7,FALSE,now(),now(),TRUE,90580
1831059,Aowlia Gonj,1830479,7,FALSE,now(),now(),TRUE,92209
1831060,Moyna Kuri,1830479,7,FALSE,now(),now(),TRUE,92213
1831061,Moyna Kuri,1830479,7,FALSE,now(),now(),TRUE,92214
1831062,Bala Para,1830479,7,FALSE,now(),now(),TRUE,92610
1831063,Bala Para Road,1830479,7,FALSE,now(),now(),TRUE,148726
1831064,Moyna Kuri,1830479,7,FALSE,now(),now(),TRUE,148724
1831065,Bala Para,1830479,7,FALSE,now(),now(),TRUE,92211
1831066,Kolkond Godown,1830480,7,FALSE,now(),now(),TRUE,91789
1831067,Pirer Hat,1830480,7,FALSE,now(),now(),TRUE,148796
1831068,Boro Mosjid,1830480,7,FALSE,now(),now(),TRUE,49465
1831069,Monthona Hat,1830480,7,FALSE,now(),now(),TRUE,91792
1831070,Mohonar Hat,1830480,7,FALSE,now(),now(),TRUE,133231
1831071,Pirer Hat,1830480,7,FALSE,now(),now(),TRUE,85794
1831072,Sillanir Mazar,1830480,7,FALSE,now(),now(),TRUE,91799
1831073,Mon Bottola,1830480,7,FALSE,now(),now(),TRUE,91791
1831074,Sillanir Mazar,1830480,7,FALSE,now(),now(),TRUE,91800
1831075,Kolkond Godown,1830480,7,FALSE,now(),now(),TRUE,91790
1831076,Boro Mosjid,1830480,7,FALSE,now(),now(),TRUE,70675
1831077,Monthona Hat,1830480,7,FALSE,now(),now(),TRUE,148794
1831078,Sillanir Mazar,1830480,7,FALSE,now(),now(),TRUE,91798
1831079,Monthona Hat,1830480,7,FALSE,now(),now(),TRUE,148795
1831080,Mon Bottola,1830480,7,FALSE,now(),now(),TRUE,148797
1831081,Boro Mosjid,1830480,7,FALSE,now(),now(),TRUE,148798
1831082,Mazarer Par,1830480,7,FALSE,now(),now(),TRUE,133230
1831083,Dhontola Bazar,1830481,7,FALSE,now(),now(),TRUE,91720
1831084,Okrabari Hat,1830481,7,FALSE,now(),now(),TRUE,133246
1831085,Malifer Bazar,1830481,7,FALSE,now(),now(),TRUE,91723
1831086,Balatari More,1830481,7,FALSE,now(),now(),TRUE,133248
1831087,Langoler Hat,1830481,7,FALSE,now(),now(),TRUE,133247
1831088,Shapara Stand,1830481,7,FALSE,now(),now(),TRUE,133245
1831089,Betgari Bus Stand,1830481,7,FALSE,now(),now(),TRUE,133244
1831090,Shapara Stand,1830481,7,FALSE,now(),now(),TRUE,148819
1831091,Betgari Bus Stand,1830481,7,FALSE,now(),now(),TRUE,148820
1831092,Langoler Hat,1830481,7,FALSE,now(),now(),TRUE,91721
1831093,Pana Pukur,1830481,7,FALSE,now(),now(),TRUE,91729
1831094,Okrabari Hat,1830481,7,FALSE,now(),now(),TRUE,91727
1831095,Dhontola Bazar,1830481,7,FALSE,now(),now(),TRUE,91719
1831096,Malifer Bazar,1830481,7,FALSE,now(),now(),TRUE,91722
1831097,Balatari More,1830481,7,FALSE,now(),now(),TRUE,148822
1831098,Okrabari Hat,1830481,7,FALSE,now(),now(),TRUE,91728
1831099,Shapara Stand,1830481,7,FALSE,now(),now(),TRUE,148818
1831100,Betgari Bus Stand,1830481,7,FALSE,now(),now(),TRUE,148821
1831101,Burirhat ricksha Stand,1830482,7,FALSE,now(),now(),TRUE,91771
1831102,Burirhat ricksha Stand,1830482,7,FALSE,now(),now(),TRUE,91772
1831103,Burirhat Vitor Bazar,1830482,7,FALSE,now(),now(),TRUE,91776
1831104,Goru Hati,1830482,7,FALSE,now(),now(),TRUE,92717
1831105,Burirhat Vitor Bazar,1830482,7,FALSE,now(),now(),TRUE,91777
1831106,Goru Hati,1830482,7,FALSE,now(),now(),TRUE,92845
1831107,Gojghonta Road,1830482,7,FALSE,now(),now(),TRUE,91780
1831108,Burirhat ricksha Stand,1830482,7,FALSE,now(),now(),TRUE,148825
1831109,Gojghonta Road,1830482,7,FALSE,now(),now(),TRUE,148826
1831110,Burirhat Vitor Bazar,1830482,7,FALSE,now(),now(),TRUE,91775
1831111,Gojghonta Road,1830482,7,FALSE,now(),now(),TRUE,91779
1831112,Jomchoura,1830483,7,FALSE,now(),now(),TRUE,148785
1831113,Alemar Bazar,1830483,7,FALSE,now(),now(),TRUE,91818
1831114,Boro Rupai,1830483,7,FALSE,now(),now(),TRUE,91819
1831115,Gawchowa Bazar,1830483,7,FALSE,now(),now(),TRUE,91821
1831116,Alemar Bazar,1830483,7,FALSE,now(),now(),TRUE,91817
1831117,Alemar Bazar,1830483,7,FALSE,now(),now(),TRUE,148787
1831118,Jomchoura,1830483,7,FALSE,now(),now(),TRUE,148786
1831119,Hajir Bazar,1830483,7,FALSE,now(),now(),TRUE,26261
1831120,Gawchowa Bazar,1830483,7,FALSE,now(),now(),TRUE,148788
1831121,Gawchowa Bazar,1830483,7,FALSE,now(),now(),TRUE,91820
1831122,Jomchoura,1830483,7,FALSE,now(),now(),TRUE,148789
1831123,Jomchora Uttor,1830483,7,FALSE,now(),now(),TRUE,91822
1831124,Boraibari Vitor Bazar,1830484,7,FALSE,now(),now(),TRUE,133233
1831125,Mondoler Hat,1830484,7,FALSE,now(),now(),TRUE,91810
1831126,Boraibari Bazar,1830484,7,FALSE,now(),now(),TRUE,91804
1831127,Bobai Bari 0 Point,1830484,7,FALSE,now(),now(),TRUE,133232
1831128,Mondoler Hat,1830484,7,FALSE,now(),now(),TRUE,91811
1831129,Boraibari 0 Point,1830484,7,FALSE,now(),now(),TRUE,148804
1831130,Boraibari 0 Point,1830484,7,FALSE,now(),now(),TRUE,148799
1831131,Mondoler  Vitor Bazar,1830484,7,FALSE,now(),now(),TRUE,148800
1831132,Boraibari Bazar,1830484,7,FALSE,now(),now(),TRUE,91805
1831133,Boraibari Vitor Bazar,1830484,7,FALSE,now(),now(),TRUE,148803
1831134,Mondoler  Vitor Bazar,1830484,7,FALSE,now(),now(),TRUE,148802
1831135,Mondoler  Vitor Bazar,1830484,7,FALSE,now(),now(),TRUE,148801
1831136,Betgari 0 Point,1830485,7,FALSE,now(),now(),TRUE,91699
1831137,Betgari Vitor Bazar,1830485,7,FALSE,now(),now(),TRUE,117632
1831138,Goru Hati,1830485,7,FALSE,now(),now(),TRUE,92718
1831139,Betgari Bazar,1830485,7,FALSE,now(),now(),TRUE,91705
1831140,Shoyra Bari more,1830485,7,FALSE,now(),now(),TRUE,148815
1831141,Shoyra bari more,1830485,7,FALSE,now(),now(),TRUE,133242
1831142,Goru Hati,1830485,7,FALSE,now(),now(),TRUE,92717
1831143,Pallarhat,1830485,7,FALSE,now(),now(),TRUE,133243
1831144,Goru Hati,1830485,7,FALSE,now(),now(),TRUE,92845
1831145,Betgari 0 Point,1830485,7,FALSE,now(),now(),TRUE,133241
1831146,Dangar Hat,1830485,7,FALSE,now(),now(),TRUE,91710
1831147,Chondoner Hat Road,1830485,7,FALSE,now(),now(),TRUE,117633
1831148,Betgari Bazar,1830485,7,FALSE,now(),now(),TRUE,91706
1831149,Dangar Hat,1830485,7,FALSE,now(),now(),TRUE,91709
1831150,Pallarhat,1830485,7,FALSE,now(),now(),TRUE,91712
1831151,Chondoner Hat Road,1830485,7,FALSE,now(),now(),TRUE,148817
1831152,Shoyra Bari More,1830485,7,FALSE,now(),now(),TRUE,133240
1831153,Betgari 0 Point,1830485,7,FALSE,now(),now(),TRUE,148816
1831154,Gojghonta Bazar,1830486,7,FALSE,now(),now(),TRUE,91752
1831155,Gojghonta Vitor Bazar,1830486,7,FALSE,now(),now(),TRUE,91753
1831156,Gojghonta Bazar Uttor,1830486,7,FALSE,now(),now(),TRUE,91749
1831157,Bottola,1830486,7,FALSE,now(),now(),TRUE,30303
1831158,Gojghonta Bazar Porbo,1830486,7,FALSE,now(),now(),TRUE,91748
1831159,Motleb Bazar,1830486,7,FALSE,now(),now(),TRUE,148814
1831160,Motleb Bazar,1830486,7,FALSE,now(),now(),TRUE,133239
1831161,Bottola,1830486,7,FALSE,now(),now(),TRUE,30498
1831162,Gojghonta Bazar,1830486,7,FALSE,now(),now(),TRUE,148813
1831163,Gojghonta Bazar Uttor,1830486,7,FALSE,now(),now(),TRUE,91751
1831164,Gojghonta Bazar Uttor,1830486,7,FALSE,now(),now(),TRUE,91750
1831165,Boksigonj Bazar,1830487,7,FALSE,now(),now(),TRUE,91680
1831166,College More,1830487,7,FALSE,now(),now(),TRUE,121909
1831167,Thakuradaho Bazar,1830487,7,FALSE,now(),now(),TRUE,91688
1831168,Bager Hat,1830487,7,FALSE,now(),now(),TRUE,133258
1831169,Boksigonj Bazar,1830487,7,FALSE,now(),now(),TRUE,91681
1831170,Vutka,1830487,7,FALSE,now(),now(),TRUE,133257
1831171,Cut Mill,1830487,7,FALSE,now(),now(),TRUE,91685
1831172,Thakuradaho Bazar,1830487,7,FALSE,now(),now(),TRUE,148831
1831173,Bager Hat,1830487,7,FALSE,now(),now(),TRUE,148830
1831174,Cut Mill,1830487,7,FALSE,now(),now(),TRUE,148829
1831175,Vutka,1830487,7,FALSE,now(),now(),TRUE,91690
1831176,College More,1830487,7,FALSE,now(),now(),TRUE,67101
1831177,Thakuradaho Bazar,1830487,7,FALSE,now(),now(),TRUE,148828
1831178,Zero Point,1830488,7,FALSE,now(),now(),TRUE,27278
1831179,Zero Point,1830488,7,FALSE,now(),now(),TRUE,11807
1831180,Dak Banglo,1830488,7,FALSE,now(),now(),TRUE,148832
1831181,Sanabil Market,1830488,7,FALSE,now(),now(),TRUE,91648
1831182,Vutka Road,1830488,7,FALSE,now(),now(),TRUE,117629
1831183,Union Porishod,1830488,7,FALSE,now(),now(),TRUE,76206
1831184,Dak Banglo,1830488,7,FALSE,now(),now(),TRUE,133259
1831185,Gongachora Vitor Bazar,1830488,7,FALSE,now(),now(),TRUE,91645
1831186,Zero Point,1830488,7,FALSE,now(),now(),TRUE,71990
1831187,Union Porishod,1830488,7,FALSE,now(),now(),TRUE,17344
1831188,Gongachora Vitor Bazar,1830488,7,FALSE,now(),now(),TRUE,91647
1831189,Vutka Road,1830488,7,FALSE,now(),now(),TRUE,148834
1831190,Vutka road,1830488,7,FALSE,now(),now(),TRUE,148836
1831191,Gongachora Vitor Bazar,1830488,7,FALSE,now(),now(),TRUE,148833
1831192,Union Porishod,1830488,7,FALSE,now(),now(),TRUE,148835
1831193,Mohila C Road,1830489,7,FALSE,now(),now(),TRUE,19149
1831194,Thana More,1830489,7,FALSE,now(),now(),TRUE,31095
1831195,Tetultola,1830489,7,FALSE,now(),now(),TRUE,78199
1831196,Shohid Minar,1830489,7,FALSE,now(),now(),TRUE,77290
1831197,Tetultola,1830489,7,FALSE,now(),now(),TRUE,31244
1831198,Upozela Gate,1830489,7,FALSE,now(),now(),TRUE,91665
1831199,Thana More,1830489,7,FALSE,now(),now(),TRUE,19001
1831200,Mohila C Road,1830489,7,FALSE,now(),now(),TRUE,45416
1831201,Mazarer Par,1830489,7,FALSE,now(),now(),TRUE,133230
1831202,Shohid Minar,1830489,7,FALSE,now(),now(),TRUE,101219
1831203,Mazarer Par,1830489,7,FALSE,now(),now(),TRUE,148837
1831204,Mohila C Road,1830489,7,FALSE,now(),now(),TRUE,91663
1831205,Shohid Minar,1830489,7,FALSE,now(),now(),TRUE,133260
1831206,Tetultola,1830489,7,FALSE,now(),now(),TRUE,2679
1831207,Mohila C Road,1830489,7,FALSE,now(),now(),TRUE,19151
1831208,Moyna Kuthi,1830490,7,FALSE,now(),now(),TRUE,91762
1831209,Omor,1830490,7,FALSE,now(),now(),TRUE,133235
1831210,Chourar Hat,1830490,7,FALSE,now(),now(),TRUE,133234
1831211,Shamlar Bazar,1830490,7,FALSE,now(),now(),TRUE,133236
1831212,Moyna Kuthi,1830490,7,FALSE,now(),now(),TRUE,91763
1831213,Chourar Hat,1830490,7,FALSE,now(),now(),TRUE,91758
1831214,Omor,1830490,7,FALSE,now(),now(),TRUE,148806
1831215,Shamlar Bazar,1830490,7,FALSE,now(),now(),TRUE,91766
1831216,Chourar Hat,1830490,7,FALSE,now(),now(),TRUE,148805
1831217,Kochua Bazar,1830491,7,FALSE,now(),now(),TRUE,52336
1831218,Soirabari Bazar,1830491,7,FALSE,now(),now(),TRUE,91855
1831219,Soirabari Bazar,1830491,7,FALSE,now(),now(),TRUE,148784
1831220,Soirabari Bazar,1830491,7,FALSE,now(),now(),TRUE,91854
1831221,Kochua Bazar,1830491,7,FALSE,now(),now(),TRUE,121032
1831222,Tulshir Hat,1830491,7,FALSE,now(),now(),TRUE,91856
1831223,Etimkhana More,1830491,7,FALSE,now(),now(),TRUE,91849
1831224,Kutub,1830491,7,FALSE,now(),now(),TRUE,91852
1831225,Kutub,1830491,7,FALSE,now(),now(),TRUE,91851
1831226,Etimkhana More,1830491,7,FALSE,now(),now(),TRUE,68954
1831227,Montur Mill,1830492,7,FALSE,now(),now(),TRUE,91695
1831228,Montur Mill,1830492,7,FALSE,now(),now(),TRUE,148824
1831229,Montur Mill,1830492,7,FALSE,now(),now(),TRUE,91694
1831230,Nobonidas,1830492,7,FALSE,now(),now(),TRUE,91698
1831231,Moulobi Bazar,1830492,7,FALSE,now(),now(),TRUE,71981
1831232,Anondollok Degree C More,1830492,7,FALSE,now(),now(),TRUE,91692
1831233,Moulobi Bazar,1830492,7,FALSE,now(),now(),TRUE,148823
1831234,Moulobi Bazar,1830492,7,FALSE,now(),now(),TRUE,35801
1831235,Anondollok Degree C More,1830492,7,FALSE,now(),now(),TRUE,91691
1831236,Montur Mill,1830492,7,FALSE,now(),now(),TRUE,133249
1831237,Nobonidas,1830492,7,FALSE,now(),now(),TRUE,133250
1831238,Anur bazar,1830493,7,FALSE,now(),now(),TRUE,133238
1831239,Chilanir Mazer,1830493,7,FALSE,now(),now(),TRUE,133237
1831240,Mohipur Bazar,1830493,7,FALSE,now(),now(),TRUE,86047
1831241,Chilanir Mazer,1830493,7,FALSE,now(),now(),TRUE,91740
1831242,Changmari Bazar,1830493,7,FALSE,now(),now(),TRUE,91738
1831243,Mohipur Bazar,1830493,7,FALSE,now(),now(),TRUE,91744
1831244,Anur Bazar,1830493,7,FALSE,now(),now(),TRUE,91732
1831245,Anur Bazar,1830493,7,FALSE,now(),now(),TRUE,91730
1831246,Changmari Bazar,1830493,7,FALSE,now(),now(),TRUE,91739
1831247,Union Parishad,1830493,7,FALSE,now(),now(),TRUE,81051
1831248,Anur Bazar,1830493,7,FALSE,now(),now(),TRUE,91733
1831249,Balar Ghat,1830493,7,FALSE,now(),now(),TRUE,91585
1831250,Mohipur Bazar,1830493,7,FALSE,now(),now(),TRUE,148812
1831251,Balar Ghat,1830493,7,FALSE,now(),now(),TRUE,148811
1831252,Anur Bazar,1830493,7,FALSE,now(),now(),TRUE,91731
1831253,Chilanir Mazer,1830493,7,FALSE,now(),now(),TRUE,91741
1831254,Balar Ghat,1830493,7,FALSE,now(),now(),TRUE,91586
1831255,Bottola,1830494,7,FALSE,now(),now(),TRUE,10435
1831256,Chowdurir hat,1830494,7,FALSE,now(),now(),TRUE,91843
1831257,Akiz Gate,1830494,7,FALSE,now(),now(),TRUE,91838
1831258,Bottola,1830494,7,FALSE,now(),now(),TRUE,30303
1831259,Mather par,1830494,7,FALSE,now(),now(),TRUE,91724
1831260,Chowdurir hat,1830494,7,FALSE,now(),now(),TRUE,91842
1831261,Monohor bazar,1830494,7,FALSE,now(),now(),TRUE,117640
1831262,Shukan Choki Bazar,1830494,7,FALSE,now(),now(),TRUE,91844
1831263,Mather Par,1830494,7,FALSE,now(),now(),TRUE,96022
1831264,Monohor,1830494,7,FALSE,now(),now(),TRUE,133229
1831265,Bottola,1830494,7,FALSE,now(),now(),TRUE,30498
1831266,Shukan Choki Bazar,1830494,7,FALSE,now(),now(),TRUE,91845
1831267,Akiz Gate,1830494,7,FALSE,now(),now(),TRUE,148783
1831268,Kodom Tola,1830495,7,FALSE,now(),now(),TRUE,127732
1831269,Khotkhotia Bazar,1830495,7,FALSE,now(),now(),TRUE,148791
1831270,Khotkhotia Bazar,1830495,7,FALSE,now(),now(),TRUE,148793
1831271,Jol Chottor,1830495,7,FALSE,now(),now(),TRUE,91830
1831272,Burail Bazar,1830495,7,FALSE,now(),now(),TRUE,91826
1831273,Tal Tola,1830495,7,FALSE,now(),now(),TRUE,91836
1831274,Kodom Tola,1830495,7,FALSE,now(),now(),TRUE,90935
1831275,Khotkhotia Bazar,1830495,7,FALSE,now(),now(),TRUE,91832
1831276,Burail Bazar,1830495,7,FALSE,now(),now(),TRUE,91825
1831277,Shekh Tari,1830495,7,FALSE,now(),now(),TRUE,91835
1831278,Chobbish Hazari,1830495,7,FALSE,now(),now(),TRUE,91828
1831279,Khotkhotia Bazar,1830495,7,FALSE,now(),now(),TRUE,91831
1831280,Chobbish Hazari,1830495,7,FALSE,now(),now(),TRUE,148792
1831281,Chobbish Hazari,1830495,7,FALSE,now(),now(),TRUE,148790
1831282,Benaroshi Polli,1830496,7,FALSE,now(),now(),TRUE,133254
1831283,Custom Bazar,1830496,7,FALSE,now(),now(),TRUE,133251
1831284,Habu 5 Matha,1830496,7,FALSE,now(),now(),TRUE,133252
1831285,Model Mosjid,1830496,7,FALSE,now(),now(),TRUE,133253
1831286,Gannarpar,1830496,7,FALSE,now(),now(),TRUE,91669
1831287,Custom Bazar,1830496,7,FALSE,now(),now(),TRUE,91667
1831288,Habu 5 Matha,1830496,7,FALSE,now(),now(),TRUE,91671
1831289,Medical More,1830496,7,FALSE,now(),now(),TRUE,148042
1831290,Custom Bazar,1830496,7,FALSE,now(),now(),TRUE,91666
1831291,Lifer More,1830496,7,FALSE,now(),now(),TRUE,91677
1831292,Gannarpar,1830496,7,FALSE,now(),now(),TRUE,91670
1831293,Kuriar More,1830496,7,FALSE,now(),now(),TRUE,133255
1831294,Lifer More,1830496,7,FALSE,now(),now(),TRUE,133256
1831295,Kuriar More,1830496,7,FALSE,now(),now(),TRUE,91675
1831296,Kuriar More,1830496,7,FALSE,now(),now(),TRUE,91676
1831297,Kuriar More,1830496,7,FALSE,now(),now(),TRUE,148827
1831298,Medical More,1830496,7,FALSE,now(),now(),TRUE,115133
1831299,Harhati,1830497,7,FALSE,now(),now(),TRUE,148809
1831300,Omor,1830497,7,FALSE,now(),now(),TRUE,133235
1831301,Burirhat kobaru,1830497,7,FALSE,now(),now(),TRUE,91899
1831302,Burirhat kobaru,1830497,7,FALSE,now(),now(),TRUE,148808
1831303,Bahadur Shing,1830497,7,FALSE,now(),now(),TRUE,91894
1831304,Burirhat kobaru,1830497,7,FALSE,now(),now(),TRUE,91898
1831305,Kallabon kasari,1830497,7,FALSE,now(),now(),TRUE,91866
1831306,Harhati,1830497,7,FALSE,now(),now(),TRUE,91903
1831307,Burirhat kobaru,1830497,7,FALSE,now(),now(),TRUE,91900
1831308,Kisamoth habu,1830497,7,FALSE,now(),now(),TRUE,91904
1831309,Burirhat kobaru,1830497,7,FALSE,now(),now(),TRUE,91901
1831310,Bahadur Shing,1830497,7,FALSE,now(),now(),TRUE,91893
1831311,Niokchandi,1830497,7,FALSE,now(),now(),TRUE,91906
1831312,Omor,1830497,7,FALSE,now(),now(),TRUE,148807
1831313,Kisamoth habu,1830497,7,FALSE,now(),now(),TRUE,148810
1831314,Bahadur Shing,1830497,7,FALSE,now(),now(),TRUE,91895
1831315,Shahebgonj More,1830498,7,FALSE,now(),now(),TRUE,91620
1831316,Saibgonj Bazar,1830498,7,FALSE,now(),now(),TRUE,91617
1831317,Shahid Vata,1830498,7,FALSE,now(),now(),TRUE,91623
1831318,Saibgonj Bazar,1830498,7,FALSE,now(),now(),TRUE,91618
1831319,Saibgonj Bazar Vitor,1830498,7,FALSE,now(),now(),TRUE,91616
1831320,Shahid Vata,1830498,7,FALSE,now(),now(),TRUE,91622
1831321,Shahebgonj More,1830498,7,FALSE,now(),now(),TRUE,91619
1831322,Saibgonj Bazar Vitor,1830498,7,FALSE,now(),now(),TRUE,91615
1831323,Saibgonj Bazar Road,1830498,7,FALSE,now(),now(),TRUE,148850
1831324,Saibgonj Bazar Road,1830498,7,FALSE,now(),now(),TRUE,148851
1831325,Bottola,1830498,7,FALSE,now(),now(),TRUE,30303
1831326,Shahebgonj More,1830498,7,FALSE,now(),now(),TRUE,91621
1831327,Bottola,1830498,7,FALSE,now(),now(),TRUE,30498
1831328,Shahid Vata,1830498,7,FALSE,now(),now(),TRUE,148852
1831329,Shahebgonj More,1830498,7,FALSE,now(),now(),TRUE,133261
1831330,Saibgonj Bazar Vitor,1830498,7,FALSE,now(),now(),TRUE,91613
1831331,Chotopul,1830499,7,FALSE,now(),now(),TRUE,91594
1831332,Collage Bazar,1830499,7,FALSE,now(),now(),TRUE,148846
1831333,Badher Par,1830499,7,FALSE,now(),now(),TRUE,91602
1831334,Ambagan,1830499,7,FALSE,now(),now(),TRUE,30268
1831335,Ambagan,1830499,7,FALSE,now(),now(),TRUE,21935
1831336,Podder Para,1830499,7,FALSE,now(),now(),TRUE,91608
1831337,Chotopul,1830499,7,FALSE,now(),now(),TRUE,91606
1831338,Ambagan,1830499,7,FALSE,now(),now(),TRUE,142959
1831339,Podder Para,1830499,7,FALSE,now(),now(),TRUE,91610
1831340,Collage Bazar,1830499,7,FALSE,now(),now(),TRUE,148848
1831341,Chotopul,1830499,7,FALSE,now(),now(),TRUE,91605
1831342,Collage Bazar,1830499,7,FALSE,now(),now(),TRUE,148849
1831343,Collage Bazar,1830499,7,FALSE,now(),now(),TRUE,148847
1831344,Podder Para,1830499,7,FALSE,now(),now(),TRUE,91609
1831345,Badher Par,1830499,7,FALSE,now(),now(),TRUE,91603
1831346,Ambagan,1830499,7,FALSE,now(),now(),TRUE,91601
1831347,Haque Bazar,1830500,7,FALSE,now(),now(),TRUE,91627
1831348,Haque Bazar,1830500,7,FALSE,now(),now(),TRUE,91628
1831349,Dacter Para,1830500,7,FALSE,now(),now(),TRUE,91626
1831350,School Market,1830500,7,FALSE,now(),now(),TRUE,47149
1831351,Pouro Gate,1830500,7,FALSE,now(),now(),TRUE,148839
1831352,Mina Bazar,1830500,7,FALSE,now(),now(),TRUE,42474
1831353,Pouro Gate,1830500,7,FALSE,now(),now(),TRUE,91630
1831354,Hazir bazar,1830500,7,FALSE,now(),now(),TRUE,117628
1831355,Hazir bazar,1830500,7,FALSE,now(),now(),TRUE,148838
1831356,Dacter Para,1830500,7,FALSE,now(),now(),TRUE,91624
1831357,Mina Bazar,1830500,7,FALSE,now(),now(),TRUE,9852
1831358,School Market,1830500,7,FALSE,now(),now(),TRUE,148840
1831359,School Market,1830500,7,FALSE,now(),now(),TRUE,148841
1831360,Mach Hari,1830501,7,FALSE,now(),now(),TRUE,91636
1831361,Karupnno,1830501,7,FALSE,now(),now(),TRUE,91633
1831362,Joy bangla bazar Road,1830501,7,FALSE,now(),now(),TRUE,148842
1831363,Joy bangla bazar,1830501,7,FALSE,now(),now(),TRUE,148843
1831364,Moheshwalaler More,1830501,7,FALSE,now(),now(),TRUE,91638
1831365,Karupnno,1830501,7,FALSE,now(),now(),TRUE,91632
1831366,Mach Hari,1830501,7,FALSE,now(),now(),TRUE,91635
1831367,Joy bangla bazar Road,1830501,7,FALSE,now(),now(),TRUE,148844
1831368,Moheshwalaler More,1830501,7,FALSE,now(),now(),TRUE,91637
1831369,Joy bangla bazar,1830501,7,FALSE,now(),now(),TRUE,91631
1831370,Moheshwalaler More,1830501,7,FALSE,now(),now(),TRUE,148845
1831371,Kauya bazar,1830502,7,FALSE,now(),now(),TRUE,91561
1831372,AKTC MORE,1830502,7,FALSE,now(),now(),TRUE,148859
1831373,Sarai Bazar Vitor Bazar,1830502,7,FALSE,now(),now(),TRUE,91566
1831374,Madrasha Gate,1830502,7,FALSE,now(),now(),TRUE,148858
1831375,Kauya bazar,1830502,7,FALSE,now(),now(),TRUE,91560
1831376,Kauya bazar,1830502,7,FALSE,now(),now(),TRUE,91564
1831377,Sarai Bazar,1830502,7,FALSE,now(),now(),TRUE,91568
1831378,Sarai Bazar,1830502,7,FALSE,now(),now(),TRUE,91569
1831379,Madrasha Gate,1830502,7,FALSE,now(),now(),TRUE,148860
1831380,Madrasha Gate,1830502,7,FALSE,now(),now(),TRUE,148861
1831381,Sarai Bazar Vitor Bazar,1830502,7,FALSE,now(),now(),TRUE,91567
1831382,Kauya bazar,1830502,7,FALSE,now(),now(),TRUE,91562
1831383,AKTC MORE,1830502,7,FALSE,now(),now(),TRUE,117625
1831384,AKTC MORE,1830502,7,FALSE,now(),now(),TRUE,133263
1831385,Chandkuti Bazar,1830503,7,FALSE,now(),now(),TRUE,91589
1831386,Chandkuti Bazar,1830503,7,FALSE,now(),now(),TRUE,91590
1831387,Chandkuti Vitor Bazar,1830503,7,FALSE,now(),now(),TRUE,91591
1831388,Satbazar,1830503,7,FALSE,now(),now(),TRUE,91599
1831389,Chandkuti Vitor Bazar,1830503,7,FALSE,now(),now(),TRUE,91592
1831390,Satbazar More,1830503,7,FALSE,now(),now(),TRUE,91595
1831391,Satbazar More,1830503,7,FALSE,now(),now(),TRUE,91596
1831392,Satbazar,1830503,7,FALSE,now(),now(),TRUE,91598
1831393,Satbazar More,1830503,7,FALSE,now(),now(),TRUE,91597
1831394,Chandkuti Vitor Bazar,1830503,7,FALSE,now(),now(),TRUE,91593
1831395,Satbazar More,1830503,7,FALSE,now(),now(),TRUE,148857
1831396,Varosha Market,1830504,7,FALSE,now(),now(),TRUE,91540
1831397,Paikar Bazar,1830504,7,FALSE,now(),now(),TRUE,91537
1831398,Malia Market,1830504,7,FALSE,now(),now(),TRUE,91534
1831399,Paikar Bazar Road,1830504,7,FALSE,now(),now(),TRUE,148869
1831400,Paikar Bazar,1830504,7,FALSE,now(),now(),TRUE,91538
1831401,Goni Market,1830504,7,FALSE,now(),now(),TRUE,19124
1831402,Mahindra Stand,1830504,7,FALSE,now(),now(),TRUE,91530
1831403,Paikar Bazar Road,1830504,7,FALSE,now(),now(),TRUE,148867
1831404,Mahindra Stand,1830504,7,FALSE,now(),now(),TRUE,91531
1831405,Malia Market,1830504,7,FALSE,now(),now(),TRUE,91535
1831406,Paikar Bazar,1830504,7,FALSE,now(),now(),TRUE,91539
1831407,Goni Market,1830504,7,FALSE,now(),now(),TRUE,91529
1831408,Paikar Bazar Road,1830504,7,FALSE,now(),now(),TRUE,148868
1831409,Varosha Mosjid,1830504,7,FALSE,now(),now(),TRUE,133264
1831410,Varosha Market,1830504,7,FALSE,now(),now(),TRUE,148870
1831411,Dalal Hat,1830505,7,FALSE,now(),now(),TRUE,91543
1831412,Nutun Bazar,1830505,7,FALSE,now(),now(),TRUE,35685
1831413,Tangrir Bazar,1830505,7,FALSE,now(),now(),TRUE,91548
1831414,Dhumgara,1830505,7,FALSE,now(),now(),TRUE,91546
1831415,Dalal Hat,1830505,7,FALSE,now(),now(),TRUE,91542
1831416,Nutun Bazar,1830505,7,FALSE,now(),now(),TRUE,47228
1831417,Dalal Hat,1830505,7,FALSE,now(),now(),TRUE,91544
1831418,Dhumgara,1830505,7,FALSE,now(),now(),TRUE,91545
1831419,Dhumgara,1830505,7,FALSE,now(),now(),TRUE,91547
1831420,Minaj Bazar,1830506,7,FALSE,now(),now(),TRUE,91556
1831421,Minaj Bazar More,1830506,7,FALSE,now(),now(),TRUE,91554
1831422,Minaj Bazar,1830506,7,FALSE,now(),now(),TRUE,91555
1831423,Minaj Bazar More,1830506,7,FALSE,now(),now(),TRUE,91553
1831424,Maya Bazar,1830506,7,FALSE,now(),now(),TRUE,91550
1831425,Minaj Bazar Bash Hati,1830506,7,FALSE,now(),now(),TRUE,91551
1831426,Maya Bazar,1830506,7,FALSE,now(),now(),TRUE,91549
1831427,Sorai Jumma Para,1830506,7,FALSE,now(),now(),TRUE,91557
1831428,Minaj Bazar Bash Hati,1830506,7,FALSE,now(),now(),TRUE,91552
1831429,Sorai Jumma Para,1830506,7,FALSE,now(),now(),TRUE,91558
1831430,Sorai Jumma Para,1830506,7,FALSE,now(),now(),TRUE,91559
1831431,Balar Ghat,1830507,7,FALSE,now(),now(),TRUE,91585
1831432,14 matha bazar,1830507,7,FALSE,now(),now(),TRUE,91584
1831433,Shek Para,1830507,7,FALSE,now(),now(),TRUE,40299
1831434,Kholifa Bazar,1830507,7,FALSE,now(),now(),TRUE,91587
1831435,Kholifa Bazar Road,1830507,7,FALSE,now(),now(),TRUE,148853
1831436,14 matha bazar,1830507,7,FALSE,now(),now(),TRUE,91583
1831437,Shek Para,1830507,7,FALSE,now(),now(),TRUE,31587
1831438,Kholifa Bazar Road,1830507,7,FALSE,now(),now(),TRUE,148854
1831439,Kholifa Bazar,1830507,7,FALSE,now(),now(),TRUE,91588
1831440,Kholifa Bazar,1830507,7,FALSE,now(),now(),TRUE,148855
1831441,14 matha bazar,1830507,7,FALSE,now(),now(),TRUE,91582
1831442,Balar Ghat,1830507,7,FALSE,now(),now(),TRUE,91586
1831443,14 matha bazar,1830507,7,FALSE,now(),now(),TRUE,133262
1831444,Shek Para,1830507,7,FALSE,now(),now(),TRUE,148856
1831445,Shek Para,1830507,7,FALSE,now(),now(),TRUE,79492
1831446,Bakul Tola,1830508,7,FALSE,now(),now(),TRUE,50441
1831447,Khansama,1830508,7,FALSE,now(),now(),TRUE,91574
1831448,Khansama,1830508,7,FALSE,now(),now(),TRUE,148866
1831449,Menajer Pul,1830508,7,FALSE,now(),now(),TRUE,91577
1831450,Menajer Pul,1830508,7,FALSE,now(),now(),TRUE,91579
1831451,Bakul Tola,1830508,7,FALSE,now(),now(),TRUE,91571
1831452,Bakul Tola More,1830508,7,FALSE,now(),now(),TRUE,148862
1831453,Khansama,1830508,7,FALSE,now(),now(),TRUE,91575
1831454,Bakul Tola,1830508,7,FALSE,now(),now(),TRUE,74064
1831455,Bangla Bazar,1830508,7,FALSE,now(),now(),TRUE,27426
1831456,Bakul Tola,1830508,7,FALSE,now(),now(),TRUE,91570
1831457,Jam Tola,1830508,7,FALSE,now(),now(),TRUE,39773
1831458,Bangla Bazar,1830508,7,FALSE,now(),now(),TRUE,127721
1831459,Bakul Tola More,1830508,7,FALSE,now(),now(),TRUE,148864
1831460,Jam Tola,1830508,7,FALSE,now(),now(),TRUE,91573
1831461,Jam Tola,1830508,7,FALSE,now(),now(),TRUE,91572
1831462,Bakul Tola More,1830508,7,FALSE,now(),now(),TRUE,148863
1831463,Bakul Tola More,1830508,7,FALSE,now(),now(),TRUE,148865
1831464,Khansama,1830508,7,FALSE,now(),now(),TRUE,91576
1831465,Menajer Pul,1830508,7,FALSE,now(),now(),TRUE,91578
1831466,AKTC MORE,1830508,7,FALSE,now(),now(),TRUE,148859
1831467,Balar Haat School Road,1830509,7,FALSE,now(),now(),TRUE,149038
1831468,Balar Haat Bazar,1830509,7,FALSE,now(),now(),TRUE,149039
1831469,Fedaretion,1830509,7,FALSE,now(),now(),TRUE,92389
1831470,Balarhaat Cinema Hall More,1830509,7,FALSE,now(),now(),TRUE,149040
1831471,Balar Haat Bazar,1830509,7,FALSE,now(),now(),TRUE,149036
1831472,Balar Haat School Road,1830509,7,FALSE,now(),now(),TRUE,149037
1831473,Madarer Haat,1830509,7,FALSE,now(),now(),TRUE,149041
1831474,Balarhaat Cinema Hall More,1830509,7,FALSE,now(),now(),TRUE,149042
1831475,Mohadipur,1830509,7,FALSE,now(),now(),TRUE,92397
1831476,Balar Haat Bazar,1830509,7,FALSE,now(),now(),TRUE,149043
1831477,Boldipukur Bazar,1830510,7,FALSE,now(),now(),TRUE,133281
1831478,Boldipukur Bazar,1830510,7,FALSE,now(),now(),TRUE,149045
1831479,Boldipukur Haiway Road,1830510,7,FALSE,now(),now(),TRUE,92420
1831480,Boldipukur Bazar,1830510,7,FALSE,now(),now(),TRUE,92419
1831481,Abason,1830510,7,FALSE,now(),now(),TRUE,80175
1831482,Shah Amanot Pump,1830510,7,FALSE,now(),now(),TRUE,92431
1831483,Boldipukur Bazar,1830510,7,FALSE,now(),now(),TRUE,149044
1831484,Boldipukur Haiway Road,1830510,7,FALSE,now(),now(),TRUE,149047
1831485,Shah Amanot Pump,1830510,7,FALSE,now(),now(),TRUE,149046
1831486,Boldipukur Stand,1830510,7,FALSE,now(),now(),TRUE,92426
1831487,Kasem Bazar,1830511,7,FALSE,now(),now(),TRUE,130372
1831488,Sukurer Haat Bazar,1830511,7,FALSE,now(),now(),TRUE,148999
1831489,Sukurer Haat Pamp,1830511,7,FALSE,now(),now(),TRUE,149003
1831490,Sukurer Haat Bazar,1830511,7,FALSE,now(),now(),TRUE,149000
1831491,Tilokpara,1830511,7,FALSE,now(),now(),TRUE,92519
1831492,Sukurer Haat Bazar,1830511,7,FALSE,now(),now(),TRUE,149002
1831493,Moslem Bazar,1830511,7,FALSE,now(),now(),TRUE,92515
1831494,Kasem Bazar,1830511,7,FALSE,now(),now(),TRUE,149001
1831495,Purbo Garapara,1830511,7,FALSE,now(),now(),TRUE,92517
1831496,Moslem Bazar Vandabari Road,1830511,7,FALSE,now(),now(),TRUE,92514
1831497,Shapla More,1830511,7,FALSE,now(),now(),TRUE,96490
1831498,Moslem Bazar Vandabari Road,1830511,7,FALSE,now(),now(),TRUE,149004
1831499,Moslem Bazar,1830511,7,FALSE,now(),now(),TRUE,148996
1831500,Moslem Bazar,1830511,7,FALSE,now(),now(),TRUE,92523
1831501,School Gate,1830511,7,FALSE,now(),now(),TRUE,59539
1831502,School gate,1830511,7,FALSE,now(),now(),TRUE,117646
1831503,Kasem Bazar,1830511,7,FALSE,now(),now(),TRUE,145552
1831504,Jaigir Haiway Road,1830512,7,FALSE,now(),now(),TRUE,92369
1831505,Nischintapur,1830512,7,FALSE,now(),now(),TRUE,149074
1831506,Jaigir Bazar Road,1830512,7,FALSE,now(),now(),TRUE,92367
1831507,Ranipukur Road,1830512,7,FALSE,now(),now(),TRUE,92382
1831508,Jaigir Bazar Road,1830512,7,FALSE,now(),now(),TRUE,92368
1831509,Jaigir Haiway Road,1830512,7,FALSE,now(),now(),TRUE,149076
1831510,Jaigir Stand School Gate,1830512,7,FALSE,now(),now(),TRUE,149081
1831511,Ranipukur Road,1830512,7,FALSE,now(),now(),TRUE,92381
1831512,Chaudhary More,1830512,7,FALSE,now(),now(),TRUE,149080
1831513,Chaudhary More,1830512,7,FALSE,now(),now(),TRUE,149073
1831514,Jaigir Stand School Gate,1830512,7,FALSE,now(),now(),TRUE,149077
1831515,Jaigir Stand School Gate,1830512,7,FALSE,now(),now(),TRUE,149079
1831516,Jaigir Haiway Road,1830512,7,FALSE,now(),now(),TRUE,149078
1831517,Jaigir Haiway Road,1830512,7,FALSE,now(),now(),TRUE,149075
1831518,Jaigir Haiway Road,1830512,7,FALSE,now(),now(),TRUE,149072
1831519,Nischintapur,1830512,7,FALSE,now(),now(),TRUE,149071
1831520,Komorganj School Road,1830513,7,FALSE,now(),now(),TRUE,149018
1831521,Miyar Haat,1830513,7,FALSE,now(),now(),TRUE,83110
1831522,Komorganj Bazar,1830513,7,FALSE,now(),now(),TRUE,149022
1831523,Komorganj Choyamil,1830513,7,FALSE,now(),now(),TRUE,149029
1831524,Miyar Haat,1830513,7,FALSE,now(),now(),TRUE,149025
1831525,Jadebpur,1830513,7,FALSE,now(),now(),TRUE,92449
1831526,Balarhat Road,1830513,7,FALSE,now(),now(),TRUE,149033
1831527,Balarhat Road,1830513,7,FALSE,now(),now(),TRUE,149026
1831528,Pritir More,1830513,7,FALSE,now(),now(),TRUE,149030
1831529,Jadebpur,1830513,7,FALSE,now(),now(),TRUE,92450
1831530,Balar Haat Road,1830513,7,FALSE,now(),now(),TRUE,149024
1831531,Noyar Haat,1830513,7,FALSE,now(),now(),TRUE,133279
1831532,Miar Haat,1830513,7,FALSE,now(),now(),TRUE,133280
1831533,Komorganj Bazar,1830513,7,FALSE,now(),now(),TRUE,149023
1831534,Noyar Haat More,1830513,7,FALSE,now(),now(),TRUE,149020
1831535,Komorganj Choyamil,1830513,7,FALSE,now(),now(),TRUE,149028
1831536,Komorganj School Road,1830513,7,FALSE,now(),now(),TRUE,149034
1831537,Noyar Haat,1830513,7,FALSE,now(),now(),TRUE,149027
1831538,Komorganj School Road,1830513,7,FALSE,now(),now(),TRUE,149035
1831539,Komorganj Bazar,1830513,7,FALSE,now(),now(),TRUE,149019
1831540,Balar Haat Road,1830513,7,FALSE,now(),now(),TRUE,149031
1831541,Balar Haat Road,1830513,7,FALSE,now(),now(),TRUE,149032
1831542,Miyar Haat,1830513,7,FALSE,now(),now(),TRUE,149021
1831543,Jaigir Bazar Road,1830514,7,FALSE,now(),now(),TRUE,149064
1831544,Jaigir College Road,1830514,7,FALSE,now(),now(),TRUE,149059
1831545,Jaigir College Road,1830514,7,FALSE,now(),now(),TRUE,149065
1831546,Jaigir Bazar Road,1830514,7,FALSE,now(),now(),TRUE,92368
1831547,Jaigir Bazar,1830514,7,FALSE,now(),now(),TRUE,85893
1831548,Mohadipur,1830514,7,FALSE,now(),now(),TRUE,92396
1831549,Shalmara Road,1830514,7,FALSE,now(),now(),TRUE,92402
1831550,Mohadipur,1830514,7,FALSE,now(),now(),TRUE,92397
1831551,Shalmara Road,1830514,7,FALSE,now(),now(),TRUE,149060
1831552,Jaigir Bazar,1830514,7,FALSE,now(),now(),TRUE,149057
1831553,Balarhat Road,1830514,7,FALSE,now(),now(),TRUE,149058
1831554,Balarhat Road,1830514,7,FALSE,now(),now(),TRUE,149033
1831555,talpukur,1830514,7,FALSE,now(),now(),TRUE,117658
1831556,Balarhat road,1830514,7,FALSE,now(),now(),TRUE,92386
1831557,Narayan Pur Badia Para,1830514,7,FALSE,now(),now(),TRUE,92536
1831558,Jaigir Bazar Road,1830514,7,FALSE,now(),now(),TRUE,92367
1831559,Narayan Pur Badia Para,1830514,7,FALSE,now(),now(),TRUE,149063
1831560,Balarhat Road,1830514,7,FALSE,now(),now(),TRUE,149062
1831561,Mangso Hati,1830514,7,FALSE,now(),now(),TRUE,92377
1831562,Jaigir Bazar Road,1830514,7,FALSE,now(),now(),TRUE,149061
1831563,Balar Hat Road,1830514,7,FALSE,now(),now(),TRUE,133283
1831564,Jalalganj,1830515,7,FALSE,now(),now(),TRUE,149005
1831565,Shalmara Bazar,1830515,7,FALSE,now(),now(),TRUE,92544
1831566,Hulashu Bazar,1830515,7,FALSE,now(),now(),TRUE,92476
1831567,Thakur Bari,1830515,7,FALSE,now(),now(),TRUE,92485
1831568,Vangni More,1830515,7,FALSE,now(),now(),TRUE,92487
1831569,Thakur Bari,1830515,7,FALSE,now(),now(),TRUE,62960
1831570,Vangni Mather Haat,1830515,7,FALSE,now(),now(),TRUE,149008
1831571,Hulashu Bazar,1830515,7,FALSE,now(),now(),TRUE,92477
1831572,Vangni More,1830515,7,FALSE,now(),now(),TRUE,149010
1831573,Vangni Mather Haat,1830515,7,FALSE,now(),now(),TRUE,149007
1831574,Jalalganj,1830515,7,FALSE,now(),now(),TRUE,149006
1831575,Shalmara School Road,1830515,7,FALSE,now(),now(),TRUE,149009
1831576,Shalmara Bazar,1830515,7,FALSE,now(),now(),TRUE,92545
1831577,Fokirer Hat,1830516,7,FALSE,now(),now(),TRUE,92507
1831578,Gorer Matha,1830516,7,FALSE,now(),now(),TRUE,148998
1831579,Gorer Matha,1830516,7,FALSE,now(),now(),TRUE,92511
1831580,Moslem Bazar,1830516,7,FALSE,now(),now(),TRUE,148996
1831581,Pagla Hat,1830516,7,FALSE,now(),now(),TRUE,92516
1831582,Moslem Bazar,1830516,7,FALSE,now(),now(),TRUE,92515
1831583,Pagla Hat,1830516,7,FALSE,now(),now(),TRUE,133276
1831584,Moslem Bazar Vandabari Road,1830516,7,FALSE,now(),now(),TRUE,92514
1831585,Gorer Matha Ful Bari Road,1830516,7,FALSE,now(),now(),TRUE,92510
1831586,Gorer Matha,1830516,7,FALSE,now(),now(),TRUE,148997
1831587,Moslem Bazar,1830516,7,FALSE,now(),now(),TRUE,148995
1831588,Paikan More,1830517,7,FALSE,now(),now(),TRUE,92551
1831589,Fojlu More,1830517,7,FALSE,now(),now(),TRUE,149084
1831590,Paikan More,1830517,7,FALSE,now(),now(),TRUE,149086
1831591,Matherpur,1830517,7,FALSE,now(),now(),TRUE,92550
1831592,Paikan Kishnapur,1830517,7,FALSE,now(),now(),TRUE,92414
1831593,Siraj Khorgachha,1830517,7,FALSE,now(),now(),TRUE,149082
1831594,Ranipukur Bazar,1830517,7,FALSE,now(),now(),TRUE,92506
1831595,Paikan More,1830517,7,FALSE,now(),now(),TRUE,149087
1831596,Tonka Bazar,1830517,7,FALSE,now(),now(),TRUE,92417
1831597,Boldipukur,1830517,7,FALSE,now(),now(),TRUE,92427
1831598,Mather Haat,1830517,7,FALSE,now(),now(),TRUE,149085
1831599,Ranipukur School Gate,1830517,7,FALSE,now(),now(),TRUE,149083
1831600,Ershad More,1830517,7,FALSE,now(),now(),TRUE,149015
1831601,Ranipukur Bazar,1830517,7,FALSE,now(),now(),TRUE,92552
1831602,Pachir Matha Boiragiganj,1830518,7,FALSE,now(),now(),TRUE,149055
1831603,Boiragiganj Kacha Bazar,1830518,7,FALSE,now(),now(),TRUE,149050
1831604,Hazerar More,1830518,7,FALSE,now(),now(),TRUE,92440
1831605,Boiragiganj Stand,1830518,7,FALSE,now(),now(),TRUE,149051
1831606,Boiragigonj Voktipur Road,1830518,7,FALSE,now(),now(),TRUE,92439
1831607,Pachir Matha Boiragiganj,1830518,7,FALSE,now(),now(),TRUE,149049
1831608,Boiragiganj Stand,1830518,7,FALSE,now(),now(),TRUE,149053
1831609,School Road,1830518,7,FALSE,now(),now(),TRUE,43467
1831610,Shah Amanot Pump,1830518,7,FALSE,now(),now(),TRUE,92431
1831611,Boiragigonj Kaca Bazar,1830518,7,FALSE,now(),now(),TRUE,133282
1831612,Voktipur Bazar,1830518,7,FALSE,now(),now(),TRUE,149048
1831613,Voktipur Bazar,1830518,7,FALSE,now(),now(),TRUE,149052
1831614,Boiragiganj Stand,1830518,7,FALSE,now(),now(),TRUE,149056
1831615,Boiragiganj Stand,1830518,7,FALSE,now(),now(),TRUE,149054
1831616,Lotifpur,1830519,7,FALSE,now(),now(),TRUE,17644
1831617,Bottola,1830519,7,FALSE,now(),now(),TRUE,30498
1831618,Lotifpur,1830519,7,FALSE,now(),now(),TRUE,74401
1831619,Noyar Haat,1830519,7,FALSE,now(),now(),TRUE,149027
1831620,Noyar Haat,1830519,7,FALSE,now(),now(),TRUE,133279
1831621,Bou Bazar,1830519,7,FALSE,now(),now(),TRUE,30925
1831622,Paikan Kishnapur,1830519,7,FALSE,now(),now(),TRUE,92414
1831623,Bottola,1830519,7,FALSE,now(),now(),TRUE,30303
1831624,Abdullahpur,1830519,7,FALSE,now(),now(),TRUE,92403
1831625,Paikan Kishnapur,1830519,7,FALSE,now(),now(),TRUE,149070
1831626,Tonka Bazar,1830519,7,FALSE,now(),now(),TRUE,92417
1831627,Noyar Haat Road,1830519,7,FALSE,now(),now(),TRUE,149067
1831628,Lotifpur,1830519,7,FALSE,now(),now(),TRUE,149068
1831629,Bou Bazar,1830519,7,FALSE,now(),now(),TRUE,26731
1831630,Tonka Bazar,1830519,7,FALSE,now(),now(),TRUE,149069
1831631,Noyar Haat Road,1830519,7,FALSE,now(),now(),TRUE,149066
1831632,Paikar Haat,1830520,7,FALSE,now(),now(),TRUE,149014
1831633,Kodomtola Bazar,1830520,7,FALSE,now(),now(),TRUE,92500
1831634,Lalpukur,1830520,7,FALSE,now(),now(),TRUE,149012
1831635,Akherar Haat,1830520,7,FALSE,now(),now(),TRUE,149011
1831636,Ershad More,1830520,7,FALSE,now(),now(),TRUE,149017
1831637,Ershad More,1830520,7,FALSE,now(),now(),TRUE,149015
1831638,Batashon Bazar,1830520,7,FALSE,now(),now(),TRUE,92493
1831639,Paikar Haat,1830520,7,FALSE,now(),now(),TRUE,149013
1831640,Ershad More,1830520,7,FALSE,now(),now(),TRUE,133277
1831641,Batashon Bazar,1830520,7,FALSE,now(),now(),TRUE,149016
1831642,Rupshi Anondo Bazar,1830520,7,FALSE,now(),now(),TRUE,133278
1831643,Mirbag Bazar,1830521,7,FALSE,now(),now(),TRUE,91375
1831644,Mirbag Bazar Road,1830521,7,FALSE,now(),now(),TRUE,91371
1831645,Mirbag Bus Stand,1830521,7,FALSE,now(),now(),TRUE,91376
1831646,Mirbag Bazar Road,1830521,7,FALSE,now(),now(),TRUE,91372
1831647,Jummar Par,1830521,7,FALSE,now(),now(),TRUE,91455
1831648,Sadhu Rell Gate,1830521,7,FALSE,now(),now(),TRUE,91368
1831649,Mirbag Bazar Road,1830521,7,FALSE,now(),now(),TRUE,91363
1831650,Mirbag Bus Stand,1830521,7,FALSE,now(),now(),TRUE,148915
1831651,Mirbag Bazar,1830521,7,FALSE,now(),now(),TRUE,91374
1831652,Sadhu Rell Gate,1830521,7,FALSE,now(),now(),TRUE,148916
1831653,Jummar Par,1830521,7,FALSE,now(),now(),TRUE,91456
1831654,Mirbag Bazar,1830521,7,FALSE,now(),now(),TRUE,91373
1831655,Sadhu Rell Gate,1830521,7,FALSE,now(),now(),TRUE,91366
1831656,Mirbag Bus Stand,1830521,7,FALSE,now(),now(),TRUE,91377
1831657,Jummar Par,1830521,7,FALSE,now(),now(),TRUE,91454
1831658,Thana Road,1830522,7,FALSE,now(),now(),TRUE,122313
1831659,Thana Road,1830522,7,FALSE,now(),now(),TRUE,120447
1831660,Tista Bridge,1830522,7,FALSE,now(),now(),TRUE,91404
1831661,Gajir Hat,1830522,7,FALSE,now(),now(),TRUE,91400
1831662,Station,1830522,7,FALSE,now(),now(),TRUE,42107
1831663,Rajendro Bazar,1830522,7,FALSE,now(),now(),TRUE,91401
1831664,Station,1830522,7,FALSE,now(),now(),TRUE,35947
1831665,Tista Old Bridge,1830522,7,FALSE,now(),now(),TRUE,91405
1831666,Gajir Hat,1830522,7,FALSE,now(),now(),TRUE,37805
1831667,Kodom Tola,1830522,7,FALSE,now(),now(),TRUE,127732
1831668,Kalir Hat,1830522,7,FALSE,now(),now(),TRUE,55540
1831669,Thana Road,1830522,7,FALSE,now(),now(),TRUE,6940
1831670,Gajir Hat,1830522,7,FALSE,now(),now(),TRUE,112486
1831671,Thana Road,1830522,7,FALSE,now(),now(),TRUE,120487
1831672,Rajendro Bazar,1830522,7,FALSE,now(),now(),TRUE,133266
1831673,Taltola,1830523,7,FALSE,now(),now(),TRUE,28423
1831674,B.N.P Office,1830523,7,FALSE,now(),now(),TRUE,148918
1831675,Station Road,1830523,7,FALSE,now(),now(),TRUE,33573
1831676,Taltola,1830523,7,FALSE,now(),now(),TRUE,12800
1831677,Station Road,1830523,7,FALSE,now(),now(),TRUE,32462
1831678,Modhupur Road,1830523,7,FALSE,now(),now(),TRUE,91343
1831679,Kazol Market,1830523,7,FALSE,now(),now(),TRUE,91342
1831680,Modhupur Road,1830523,7,FALSE,now(),now(),TRUE,148917
1831681,Teler Pump,1830523,7,FALSE,now(),now(),TRUE,91352
1831682,Kaunia Bus Stand,1830523,7,FALSE,now(),now(),TRUE,91339
1831683,Kaunia Bus Stand,1830523,7,FALSE,now(),now(),TRUE,91338
1831684,B.N.P Office,1830523,7,FALSE,now(),now(),TRUE,91336
1831685,Modhupur Road,1830523,7,FALSE,now(),now(),TRUE,91344
1831686,Kazol Market,1830523,7,FALSE,now(),now(),TRUE,91341
1831687,Station Road,1830523,7,FALSE,now(),now(),TRUE,16079
1831688,Teler Pump,1830523,7,FALSE,now(),now(),TRUE,120649
1831689,Burir Hat Road,1830524,7,FALSE,now(),now(),TRUE,90932
1831690,Vai Er Hat,1830524,7,FALSE,now(),now(),TRUE,91412
1831691,High School More,1830524,7,FALSE,now(),now(),TRUE,133265
1831692,Vai Er Hat,1830524,7,FALSE,now(),now(),TRUE,148894
1831693,Jamtola,1830524,7,FALSE,now(),now(),TRUE,25614
1831694,High School More,1830524,7,FALSE,now(),now(),TRUE,148895
1831695,Jamtola,1830524,7,FALSE,now(),now(),TRUE,27005
1831696,Burir Hat Road,1830524,7,FALSE,now(),now(),TRUE,91406
1831697,High School More,1830524,7,FALSE,now(),now(),TRUE,115705
1831698,Burir Hat Road,1830524,7,FALSE,now(),now(),TRUE,148897
1831699,Burir Hat Road,1830524,7,FALSE,now(),now(),TRUE,91407
1831700,Vai Er Hat,1830524,7,FALSE,now(),now(),TRUE,148896
1831701,Velu Para,1830525,7,FALSE,now(),now(),TRUE,91370
1831702,Gulsan,1830525,7,FALSE,now(),now(),TRUE,91512
1831703,Baily Bridge,1830525,7,FALSE,now(),now(),TRUE,91359
1831704,Holdi Bari,1830525,7,FALSE,now(),now(),TRUE,91361
1831705,Baily Bridge,1830525,7,FALSE,now(),now(),TRUE,148910
1831706,Baily Bridge,1830525,7,FALSE,now(),now(),TRUE,148911
1831707,Rell Gate,1830525,7,FALSE,now(),now(),TRUE,91364
1831708,Safdi,1830525,7,FALSE,now(),now(),TRUE,148914
1831709,Shohid Bag,1830525,7,FALSE,now(),now(),TRUE,91524
1831710,Velu Para,1830525,7,FALSE,now(),now(),TRUE,148913
1831711,Shohid Bag,1830525,7,FALSE,now(),now(),TRUE,91525
1831712,Shohid Bag,1830525,7,FALSE,now(),now(),TRUE,4417
1831713,Rell Gate,1830525,7,FALSE,now(),now(),TRUE,91365
1831714,Shohid Bag,1830525,7,FALSE,now(),now(),TRUE,91526
1831715,Gulsan,1830525,7,FALSE,now(),now(),TRUE,91513
1831716,Safdi,1830525,7,FALSE,now(),now(),TRUE,91514
1831717,Safdi,1830525,7,FALSE,now(),now(),TRUE,148912
1831718,Rell Gate,1830525,7,FALSE,now(),now(),TRUE,148907
1831719,Rell Gate,1830526,7,FALSE,now(),now(),TRUE,148907
1831720,Tokipul Bazar,1830526,7,FALSE,now(),now(),TRUE,91397
1831721,Santo Market,1830526,7,FALSE,now(),now(),TRUE,91515
1831722,Shahabaj,1830526,7,FALSE,now(),now(),TRUE,148908
1831723,Maham Bazar,1830526,7,FALSE,now(),now(),TRUE,91385
1831724,Tokipul Bazar Road,1830526,7,FALSE,now(),now(),TRUE,148904
1831725,Tokipul Bazar,1830526,7,FALSE,now(),now(),TRUE,148902
1831726,Tokipul Bazar,1830526,7,FALSE,now(),now(),TRUE,148901
1831727,Shahed Market,1830526,7,FALSE,now(),now(),TRUE,91520
1831728,Shohid Road,1830526,7,FALSE,now(),now(),TRUE,91527
1831729,Thana Road,1830526,7,FALSE,now(),now(),TRUE,120447
1831730,Thana Road,1830526,7,FALSE,now(),now(),TRUE,120487
1831731,Tokipul Bazar Road,1830526,7,FALSE,now(),now(),TRUE,148905
1831732,Takrir Bazar,1830526,7,FALSE,now(),now(),TRUE,91528
1831733,Shahabaj,1830526,7,FALSE,now(),now(),TRUE,91390
1831734,High School kaunia,1830526,7,FALSE,now(),now(),TRUE,148906
1831735,Shahabaj,1830526,7,FALSE,now(),now(),TRUE,91389
1831736,Thana Road,1830526,7,FALSE,now(),now(),TRUE,122313
1831737,Shahed Market,1830526,7,FALSE,now(),now(),TRUE,91521
1831738,High School kaunia,1830526,7,FALSE,now(),now(),TRUE,148903
1831739,Thana Road,1830526,7,FALSE,now(),now(),TRUE,6940
1831740,Shahed Market,1830526,7,FALSE,now(),now(),TRUE,91523
1831741,Maham Bazar,1830526,7,FALSE,now(),now(),TRUE,91386
1831742,High School kaunia,1830526,7,FALSE,now(),now(),TRUE,148909
1831743,Santo Market,1830526,7,FALSE,now(),now(),TRUE,91517
1831744,Bagbari Nangra Bazar,1830527,7,FALSE,now(),now(),TRUE,91483
1831745,Porash Bazar,1830527,7,FALSE,now(),now(),TRUE,91493
1831746,Bagbari Nangra Bazar,1830527,7,FALSE,now(),now(),TRUE,91482
1831747,Kuthir Para,1830527,7,FALSE,now(),now(),TRUE,148891
1831748,Kuthir Para,1830527,7,FALSE,now(),now(),TRUE,91490
1831749,Bagbari Nangra Bazar,1830527,7,FALSE,now(),now(),TRUE,148888
1831750,Manas Par,1830527,7,FALSE,now(),now(),TRUE,91459
1831751,Bala Para,1830527,7,FALSE,now(),now(),TRUE,90580
1831752,Bammon Para,1830527,7,FALSE,now(),now(),TRUE,91441
1831753,Bala Para,1830527,7,FALSE,now(),now(),TRUE,91484
1831754,Bammon Para,1830527,7,FALSE,now(),now(),TRUE,91442
1831755,Porash Bazar,1830527,7,FALSE,now(),now(),TRUE,148889
1831756,Bottola bazar,1830527,7,FALSE,now(),now(),TRUE,130345
1831757,Chapar More,1830527,7,FALSE,now(),now(),TRUE,91486
1831758,Chapar More,1830527,7,FALSE,now(),now(),TRUE,148892
1831759,Manas Par,1830527,7,FALSE,now(),now(),TRUE,91458
1831760,Chokir Ghat Bridge,1830527,7,FALSE,now(),now(),TRUE,148890
1831761,Dorga para,1830527,7,FALSE,now(),now(),TRUE,91451
1831762,Chokir Ghat Bridge,1830527,7,FALSE,now(),now(),TRUE,91487
1831763,Shibu High School,1830527,7,FALSE,now(),now(),TRUE,148887
1831764,Bottola bazar,1830527,7,FALSE,now(),now(),TRUE,117622
1831765,Dokkin shabaj,1830527,7,FALSE,now(),now(),TRUE,148893
1831766,Shibu High School,1830527,7,FALSE,now(),now(),TRUE,148886
1831767,Dokkin shabaj,1830527,7,FALSE,now(),now(),TRUE,91488
1831768,Lal Mosjid,1830528,7,FALSE,now(),now(),TRUE,91473
1831769,Modhupur Bazer,1830528,7,FALSE,now(),now(),TRUE,91425
1831770,Modhupur Bazer,1830528,7,FALSE,now(),now(),TRUE,91426
1831771,Bablur More,1830528,7,FALSE,now(),now(),TRUE,91465
1831772,Rajib School,1830528,7,FALSE,now(),now(),TRUE,148900
1831773,Karbala Road,1830528,7,FALSE,now(),now(),TRUE,91416
1831774,Lal Mosjid,1830528,7,FALSE,now(),now(),TRUE,27273
1831775,Choitar More,1830528,7,FALSE,now(),now(),TRUE,91413
1831776,Rajib School,1830528,7,FALSE,now(),now(),TRUE,148898
1831777,Rajib School,1830528,7,FALSE,now(),now(),TRUE,148899
1831778,Modhupur Baruahat Road,1830528,7,FALSE,now(),now(),TRUE,91419
1831779,Choitar More,1830528,7,FALSE,now(),now(),TRUE,91415
1831780,Karbala Road,1830528,7,FALSE,now(),now(),TRUE,91417
1831781,Modhupur Bazer,1830528,7,FALSE,now(),now(),TRUE,91424
1831782,Dola Para,1830529,7,FALSE,now(),now(),TRUE,143418
1831783,Boruahat,1830529,7,FALSE,now(),now(),TRUE,91448
1831784,Bijoler Ghunti,1830529,7,FALSE,now(),now(),TRUE,91431
1831785,Bijoler Ghunti,1830529,7,FALSE,now(),now(),TRUE,91432
1831786,Singher Chura Bazer,1830529,7,FALSE,now(),now(),TRUE,91440
1831787,Nangrar Bazar,1830529,7,FALSE,now(),now(),TRUE,91437
1831788,Amm Tolir Bazar,1830529,7,FALSE,now(),now(),TRUE,91427
1831789,Eindrar more,1830529,7,FALSE,now(),now(),TRUE,91452
1831790,Amm Tolir Bazar,1830529,7,FALSE,now(),now(),TRUE,91429
1831791,Boruahat,1830529,7,FALSE,now(),now(),TRUE,91449
1831792,Boruahat,1830529,7,FALSE,now(),now(),TRUE,148884
1831793,Nangrar Bazar,1830529,7,FALSE,now(),now(),TRUE,91436
1831794,Singher Chura Bazer,1830529,7,FALSE,now(),now(),TRUE,148885
1831795,Boruahat,1830529,7,FALSE,now(),now(),TRUE,91450
1831796,Sumon bazar,1830530,7,FALSE,now(),now(),TRUE,148874
1831797,Ekota bazar,1830530,7,FALSE,now(),now(),TRUE,117624
1831798,Mohir market,1830530,7,FALSE,now(),now(),TRUE,148876
1831799,Moulovi Bazar,1830530,7,FALSE,now(),now(),TRUE,48139
1831800,Breanter Bazar,1830530,7,FALSE,now(),now(),TRUE,91510
1831801,Tikana hat,1830530,7,FALSE,now(),now(),TRUE,91507
1831802,Moulovi Bazar,1830530,7,FALSE,now(),now(),TRUE,6616
1831803,Ekota bazar,1830530,7,FALSE,now(),now(),TRUE,148873
1831804,Doyal Bazar,1830530,7,FALSE,now(),now(),TRUE,91499
1831805,Breanter Bazar,1830530,7,FALSE,now(),now(),TRUE,91511
1831806,Kutir Ghat,1830530,7,FALSE,now(),now(),TRUE,148875
1831807,Sumon bazar,1830530,7,FALSE,now(),now(),TRUE,91505
1831808,Buddir Bazar,1830530,7,FALSE,now(),now(),TRUE,91496
1831809,Breanter Bazar,1830530,7,FALSE,now(),now(),TRUE,91509
1831810,Kutir Ghat,1830530,7,FALSE,now(),now(),TRUE,91502
1831811,Dobar par,1830530,7,FALSE,now(),now(),TRUE,91498
1831812,Tikana hat,1830530,7,FALSE,now(),now(),TRUE,148871
1831813,Dobar par,1830530,7,FALSE,now(),now(),TRUE,148872
1831814,Mohir market,1830530,7,FALSE,now(),now(),TRUE,91503
1831815,Buddir Bazar,1830530,7,FALSE,now(),now(),TRUE,148877
1831816,Char Matha,1830531,7,FALSE,now(),now(),TRUE,91251
1831817,Char Matha,1830531,7,FALSE,now(),now(),TRUE,91434
1831818,Char Matha,1830531,7,FALSE,now(),now(),TRUE,91433
1831819,Petvata,1830531,7,FALSE,now(),now(),TRUE,148879
1831820,Pabna para,1830531,7,FALSE,now(),now(),TRUE,91491
1831821,Petvata,1830531,7,FALSE,now(),now(),TRUE,91474
1831822,Aonnadanagor College more,1830531,7,FALSE,now(),now(),TRUE,148878
1831823,Petvata,1830531,7,FALSE,now(),now(),TRUE,91475
1831824,Kodom Tola,1830531,7,FALSE,now(),now(),TRUE,21013
1831825,Alom bazar,1830531,7,FALSE,now(),now(),TRUE,117623
1831826,Tepar Bridge,1830531,7,FALSE,now(),now(),TRUE,91479
1831827,Khamar Noya Bari,1830531,7,FALSE,now(),now(),TRUE,148883
1831828,Atanipara,1830531,7,FALSE,now(),now(),TRUE,91462
1831829,Khamar Noya Bari,1830531,7,FALSE,now(),now(),TRUE,91471
1831830,Aonnadanagor College more,1830531,7,FALSE,now(),now(),TRUE,148880
1831831,Tepar Bridge,1830531,7,FALSE,now(),now(),TRUE,148881
1831832,Kodom Tola,1830531,7,FALSE,now(),now(),TRUE,127732
1831833,Pabna para,1830531,7,FALSE,now(),now(),TRUE,148882
1831834,Fojlu More,1830531,7,FALSE,now(),now(),TRUE,91467
1831835,Sada mosjid,1830531,7,FALSE,now(),now(),TRUE,91478
1831836,Kandi Bazar,1830532,7,FALSE,now(),now(),TRUE,148935
1831837,Kandi Bazar,1830532,7,FALSE,now(),now(),TRUE,91181
1831838,Dosh Gao,1830532,7,FALSE,now(),now(),TRUE,91179
1831839,Dadon,1830532,7,FALSE,now(),now(),TRUE,91175
1831840,Kandi Bazar,1830532,7,FALSE,now(),now(),TRUE,148936
1831841,Balar Dighi,1830532,7,FALSE,now(),now(),TRUE,91170
1831842,Balar Dighi,1830532,7,FALSE,now(),now(),TRUE,91171
1831843,Bolihar,1830532,7,FALSE,now(),now(),TRUE,91173
1831844,Dosh Gao,1830532,7,FALSE,now(),now(),TRUE,91178
1831845,Dadon,1830532,7,FALSE,now(),now(),TRUE,91176
1831846,Bolihar,1830532,7,FALSE,now(),now(),TRUE,91174
1831847,Dadon,1830532,7,FALSE,now(),now(),TRUE,91177
1831848,Kandi Bazer,1830532,7,FALSE,now(),now(),TRUE,91183
1831849,Kacha Bazar,1830533,7,FALSE,now(),now(),TRUE,4853
1831850,Station,1830533,7,FALSE,now(),now(),TRUE,35947
1831851,Vitor Bazar,1830533,7,FALSE,now(),now(),TRUE,47125
1831852,Kacha Bazar,1830533,7,FALSE,now(),now(),TRUE,123650
1831853,Chaul Bazar,1830533,7,FALSE,now(),now(),TRUE,133275
1831854,Kacha Bazar,1830533,7,FALSE,now(),now(),TRUE,19851
1831855,Station Platform,1830533,7,FALSE,now(),now(),TRUE,90982
1831856,Rail Station,1830533,7,FALSE,now(),now(),TRUE,9699
1831857,Purbo Station,1830533,7,FALSE,now(),now(),TRUE,90979
1831858,Station,1830533,7,FALSE,now(),now(),TRUE,42107
1831859,J.N High School Road,1830533,7,FALSE,now(),now(),TRUE,148987
1831860,Station Road,1830533,7,FALSE,now(),now(),TRUE,16079
1831861,J.N High School Road,1830533,7,FALSE,now(),now(),TRUE,148988
1831862,Boro Abu Hazra,1830533,7,FALSE,now(),now(),TRUE,90970
1831863,Purbo Station,1830533,7,FALSE,now(),now(),TRUE,90978
1831864,Mass Bazar,1830533,7,FALSE,now(),now(),TRUE,54563
1831865,Vitor Bazar,1830533,7,FALSE,now(),now(),TRUE,92534
1831866,J.N High School Road,1830533,7,FALSE,now(),now(),TRUE,148986
1831867,Station Road,1830533,7,FALSE,now(),now(),TRUE,33573
1831868,Pirgacha Kodomtola,1830534,7,FALSE,now(),now(),TRUE,91102
1831869,Saidpur Bazar,1830534,7,FALSE,now(),now(),TRUE,91107
1831870,Saidpur Road,1830534,7,FALSE,now(),now(),TRUE,148944
1831871,Beltoli,1830534,7,FALSE,now(),now(),TRUE,33606
1831872,Pirgacha Kodomtola,1830534,7,FALSE,now(),now(),TRUE,148943
1831873,Pirgacha Kodomtola,1830534,7,FALSE,now(),now(),TRUE,91104
1831874,Saidpur Bazar,1830534,7,FALSE,now(),now(),TRUE,91106
1831875,Saidpur Road,1830534,7,FALSE,now(),now(),TRUE,117619
1831876,Beltoli,1830534,7,FALSE,now(),now(),TRUE,32200
1831877,Pirgacha Kodomtola Saidpur Road,1830534,7,FALSE,now(),now(),TRUE,91100
1831878,Saidpur,1830534,7,FALSE,now(),now(),TRUE,91110
1831879,Kodom Tola,1830534,7,FALSE,now(),now(),TRUE,127732
1831880,Saidpur Bazar,1830534,7,FALSE,now(),now(),TRUE,148945
1831881,Saidpur Road,1830534,7,FALSE,now(),now(),TRUE,148946
1831882,Burir Bazar,1830535,7,FALSE,now(),now(),TRUE,79814
1831883,After PosimDabu,1830535,7,FALSE,now(),now(),TRUE,91125
1831884,Birbiria,1830535,7,FALSE,now(),now(),TRUE,91127
1831885,Nekmamud,1830535,7,FALSE,now(),now(),TRUE,91143
1831886,Nekmamud,1830535,7,FALSE,now(),now(),TRUE,91142
1831887,Kodom Tola,1830535,7,FALSE,now(),now(),TRUE,90935
1831888,Burir bazar,1830535,7,FALSE,now(),now(),TRUE,91136
1831889,Nekmamud,1830535,7,FALSE,now(),now(),TRUE,148939
1831890,Burir bazar,1830535,7,FALSE,now(),now(),TRUE,91135
1831891,Kodom Tola,1830535,7,FALSE,now(),now(),TRUE,127732
1831892,After PosimDabu,1830535,7,FALSE,now(),now(),TRUE,91126
1831893,Burir Bazar,1830535,7,FALSE,now(),now(),TRUE,130450
1831894,Burir Bazar,1830535,7,FALSE,now(),now(),TRUE,148940
1831895,Nek Mamud Bazar,1830535,7,FALSE,now(),now(),TRUE,91138
1831896,Chowdhurani Bazar,1830536,7,FALSE,now(),now(),TRUE,148928
1831897,Chowdhurani Bazar,1830536,7,FALSE,now(),now(),TRUE,91225
1831898,Station Road,1830536,7,FALSE,now(),now(),TRUE,33573
1831899,Chawdurani Pumap,1830536,7,FALSE,now(),now(),TRUE,91222
1831900,College Road,1830536,7,FALSE,now(),now(),TRUE,39905
1831901,Rohomot Char Noyarhaat,1830536,7,FALSE,now(),now(),TRUE,148927
1831902,Station Road,1830536,7,FALSE,now(),now(),TRUE,16079
1831903,Chowdhurani Grameen Bank,1830536,7,FALSE,now(),now(),TRUE,91226
1831904,Chowdurani Pump,1830536,7,FALSE,now(),now(),TRUE,91230
1831905,Dilarpara,1830536,7,FALSE,now(),now(),TRUE,91320
1831906,Chowdurani Pump,1830536,7,FALSE,now(),now(),TRUE,91229
1831907,Chourastar More,1830536,7,FALSE,now(),now(),TRUE,91224
1831908,Kasem bazar,1830536,7,FALSE,now(),now(),TRUE,91325
1831909,Dilarpara,1830536,7,FALSE,now(),now(),TRUE,148926
1831910,Chourastar More,1830536,7,FALSE,now(),now(),TRUE,91223
1831911,Chowdurani Pump,1830536,7,FALSE,now(),now(),TRUE,148929
1831912,Grameen Bank,1830537,7,FALSE,now(),now(),TRUE,90987
1831913,Bottola,1830537,7,FALSE,now(),now(),TRUE,30498
1831914,Mukttijodda Chattor,1830537,7,FALSE,now(),now(),TRUE,148972
1831915,Bottola,1830537,7,FALSE,now(),now(),TRUE,30303
1831916,Pawtana Haat,1830537,7,FALSE,now(),now(),TRUE,148971
1831917,Pawtana Haat,1830537,7,FALSE,now(),now(),TRUE,148970
1831918,Boro Abu Hazra,1830537,7,FALSE,now(),now(),TRUE,90986
1831919,Mukttijodda Chattor,1830537,7,FALSE,now(),now(),TRUE,148973
1831920,Porishod Gate,1830537,7,FALSE,now(),now(),TRUE,148975
1831921,Bottola Road,1830537,7,FALSE,now(),now(),TRUE,59895
1831922,Pawtana Vitor Bazar,1830537,7,FALSE,now(),now(),TRUE,91001
1831923,Pawtana Haat,1830537,7,FALSE,now(),now(),TRUE,148969
1831924,Mach Bazar,1830537,7,FALSE,now(),now(),TRUE,58566
1831925,Mukttijodda Chattor,1830537,7,FALSE,now(),now(),TRUE,148974
1831926,Grameen Bank,1830537,7,FALSE,now(),now(),TRUE,83808
1831927,Grameen Bank,1830537,7,FALSE,now(),now(),TRUE,90988
1831928,Pawtana Haat,1830537,7,FALSE,now(),now(),TRUE,148976
1831929,Annodanogor Bazar,1830538,7,FALSE,now(),now(),TRUE,148955
1831930,Hazir Bazar,1830538,7,FALSE,now(),now(),TRUE,29488
1831931,Hazir Bazar,1830538,7,FALSE,now(),now(),TRUE,91070
1831932,Hazir Bazar,1830538,7,FALSE,now(),now(),TRUE,24666
1831933,Keherman,1830538,7,FALSE,now(),now(),TRUE,91073
1831934,Tonur More,1830538,7,FALSE,now(),now(),TRUE,91079
1831935,Annodanogor Bazar,1830538,7,FALSE,now(),now(),TRUE,148957
1831936,Annodanogor Bazar,1830538,7,FALSE,now(),now(),TRUE,148956
1831937,Station,1830538,7,FALSE,now(),now(),TRUE,32208
1831938,Tonur More,1830538,7,FALSE,now(),now(),TRUE,91080
1831939,Station,1830538,7,FALSE,now(),now(),TRUE,35947
1831940,Annodanogor Vitor Bazar,1830538,7,FALSE,now(),now(),TRUE,91065
1831941,Chondipur,1830539,7,FALSE,now(),now(),TRUE,66382
1831942,Polli Biddut,1830539,7,FALSE,now(),now(),TRUE,36356
1831943,Siraj Bazzar,1830539,7,FALSE,now(),now(),TRUE,91093
1831944,Pirgacha Shapla Chottor,1830539,7,FALSE,now(),now(),TRUE,148989
1831945,Siraj Bazar,1830539,7,FALSE,now(),now(),TRUE,148992
1831946,Pirgacha Shapla Chottor,1830539,7,FALSE,now(),now(),TRUE,148990
1831947,Chondipur,1830539,7,FALSE,now(),now(),TRUE,36595
1831948,Purbo Chondipur,1830539,7,FALSE,now(),now(),TRUE,148994
1831949,Dhaka Bus Stand,1830539,7,FALSE,now(),now(),TRUE,28023
1831950,Pobittro Jhar,1830539,7,FALSE,now(),now(),TRUE,91090
1831951,Karbala math,1830539,7,FALSE,now(),now(),TRUE,91324
1831952,Balapara,1830539,7,FALSE,now(),now(),TRUE,148993
1831953,Purbo Chondipur,1830539,7,FALSE,now(),now(),TRUE,148991
1831954,Purbo chondipur,1830539,7,FALSE,now(),now(),TRUE,91330
1831955,BalaPara,1830539,7,FALSE,now(),now(),TRUE,91310
1831956,Purbo chondipur,1830539,7,FALSE,now(),now(),TRUE,91092
1831957,Kaliganj Bazar,1830540,7,FALSE,now(),now(),TRUE,14326
1831958,Char Matha More,1830540,7,FALSE,now(),now(),TRUE,30558
1831959,Bottola,1830540,7,FALSE,now(),now(),TRUE,30303
1831960,Shapla Station Road,1830540,7,FALSE,now(),now(),TRUE,91258
1831961,Char Matha More,1830540,7,FALSE,now(),now(),TRUE,91250
1831962,Bottola,1830540,7,FALSE,now(),now(),TRUE,2983
1831963,Kaliganj Bazar,1830540,7,FALSE,now(),now(),TRUE,26434
1831964,Bus Stand,1830540,7,FALSE,now(),now(),TRUE,16118
1831965,Char Matha More,1830540,7,FALSE,now(),now(),TRUE,30557
1831966,Haliport Bazar,1830540,7,FALSE,now(),now(),TRUE,91253
1831967,Char Matha More,1830540,7,FALSE,now(),now(),TRUE,148921
1831968,Kaliganj Bazar,1830540,7,FALSE,now(),now(),TRUE,148922
1831969,Haliport Bazar,1830540,7,FALSE,now(),now(),TRUE,91252
1831970,Mosque Road,1830540,7,FALSE,now(),now(),TRUE,37423
1831971,Up Office Uttor,1830540,7,FALSE,now(),now(),TRUE,91248
1831972,Kaligonj Bazar,1830540,7,FALSE,now(),now(),TRUE,91254
1831973,Chaklar par,1830540,7,FALSE,now(),now(),TRUE,91240
1831974,Kaligonj Road,1830540,7,FALSE,now(),now(),TRUE,91256
1831975,Jute Mill,1830540,7,FALSE,now(),now(),TRUE,133268
1831976,Upazilla Gate,1830541,7,FALSE,now(),now(),TRUE,91124
1831977,Bottola,1830541,7,FALSE,now(),now(),TRUE,2983
1831978,Model School,1830541,7,FALSE,now(),now(),TRUE,54544
1831979,Poshsim Debu Road,1830541,7,FALSE,now(),now(),TRUE,91122
1831980,Pakar Matha,1830541,7,FALSE,now(),now(),TRUE,70976
1831981,Amdara,1830541,7,FALSE,now(),now(),TRUE,91309
1831982,Masua Para,1830541,7,FALSE,now(),now(),TRUE,91328
1831983,Bottola,1830541,7,FALSE,now(),now(),TRUE,30303
1831984,Pansia,1830541,7,FALSE,now(),now(),TRUE,148937
1831985,Model School,1830541,7,FALSE,now(),now(),TRUE,64759
1831986,Pansia,1830541,7,FALSE,now(),now(),TRUE,148938
1831987,Bottola,1830541,7,FALSE,now(),now(),TRUE,30498
1831988,Bottola,1830541,7,FALSE,now(),now(),TRUE,10435
1831989,Poschim Debu,1830541,7,FALSE,now(),now(),TRUE,91150
1831990,Poschim Debu,1830541,7,FALSE,now(),now(),TRUE,91119
1831991,Pakar Matha,1830541,7,FALSE,now(),now(),TRUE,76630
1831992,Poshsim Debu Road,1830541,7,FALSE,now(),now(),TRUE,91123
1831993,Pakar Matha,1830541,7,FALSE,now(),now(),TRUE,63833
1831994,Pakar Matha,1830541,7,FALSE,now(),now(),TRUE,11296
1831995,Model School,1830541,7,FALSE,now(),now(),TRUE,54545
1831996,Tambulpur,1830542,7,FALSE,now(),now(),TRUE,91166
1831997,Tambulpur,1830542,7,FALSE,now(),now(),TRUE,148934
1831998,Nekmamud Road,1830542,7,FALSE,now(),now(),TRUE,91141
1831999,Annondo Bazar,1830542,7,FALSE,now(),now(),TRUE,46799
1832000,Tambulpur,1830542,7,FALSE,now(),now(),TRUE,91167
1832001,Tambulpur Road,1830542,7,FALSE,now(),now(),TRUE,91161
1832002,Tambulpur,1830542,7,FALSE,now(),now(),TRUE,148933
1832003,Annondo Bazar,1830542,7,FALSE,now(),now(),TRUE,148932
1832004,Nekmamud Road,1830542,7,FALSE,now(),now(),TRUE,91148
1832005,Tara Bazar,1830542,7,FALSE,now(),now(),TRUE,91168
1832006,Tara Bazar,1830542,7,FALSE,now(),now(),TRUE,91169
1832007,Tambulpur Collage para,1830542,7,FALSE,now(),now(),TRUE,148930
1832008,Tambulpur Collage para,1830542,7,FALSE,now(),now(),TRUE,148931
1832009,Islar Bazar,1830543,7,FALSE,now(),now(),TRUE,148924
1832010,Islar Bazar,1830543,7,FALSE,now(),now(),TRUE,91196
1832011,Collage Bazar,1830543,7,FALSE,now(),now(),TRUE,148846
1832012,Islar Bazar,1830543,7,FALSE,now(),now(),TRUE,91195
1832013,Mongla Kuthi,1830543,7,FALSE,now(),now(),TRUE,91204
1832014,Koikuri Bazar,1830543,7,FALSE,now(),now(),TRUE,91199
1832015,Jalal Gonj Road,1830543,7,FALSE,now(),now(),TRUE,91198
1832016,Koikuri Bazar,1830543,7,FALSE,now(),now(),TRUE,148923
1832017,Motiyar Bazar,1830543,7,FALSE,now(),now(),TRUE,91206
1832018,Motiyar Bazar,1830543,7,FALSE,now(),now(),TRUE,91205
1832019,Jalalganj Road,1830543,7,FALSE,now(),now(),TRUE,148925
1832020,Mongla Kuthi,1830543,7,FALSE,now(),now(),TRUE,91203
1832021,Collage Bazar,1830543,7,FALSE,now(),now(),TRUE,148847
1832022,Bamondanga Road,1830543,7,FALSE,now(),now(),TRUE,89729
1832023,Islar Bajar,1830543,7,FALSE,now(),now(),TRUE,91194
1832024,C Bazar,1830543,7,FALSE,now(),now(),TRUE,40583
1832025,Mongla Kuthi,1830543,7,FALSE,now(),now(),TRUE,91202
1832026,Toper Bazar,1830544,7,FALSE,now(),now(),TRUE,91040
1832027,Brahmonikunda,1830544,7,FALSE,now(),now(),TRUE,91026
1832028,Satdorgah,1830544,7,FALSE,now(),now(),TRUE,91037
1832029,Dhonir Bazar,1830544,7,FALSE,now(),now(),TRUE,148967
1832030,Paran Bazar,1830544,7,FALSE,now(),now(),TRUE,148961
1832031,Satdorgah,1830544,7,FALSE,now(),now(),TRUE,91036
1832032,Brahmonikunda,1830544,7,FALSE,now(),now(),TRUE,91025
1832033,Dhonir Bazar,1830544,7,FALSE,now(),now(),TRUE,91027
1832034,Momin bazar,1830544,7,FALSE,now(),now(),TRUE,148962
1832035,Dhonir Bazar,1830544,7,FALSE,now(),now(),TRUE,148966
1832036,Paran Bazar,1830544,7,FALSE,now(),now(),TRUE,148963
1832037,Paran Bazar,1830544,7,FALSE,now(),now(),TRUE,91028
1832038,Momin Bazar,1830544,7,FALSE,now(),now(),TRUE,27157
1832039,Dhonir Bazar,1830544,7,FALSE,now(),now(),TRUE,148968
1832040,Momin bazar,1830544,7,FALSE,now(),now(),TRUE,91305
1832041,Momin Bazar,1830544,7,FALSE,now(),now(),TRUE,148964
1832042,Satdorgah,1830544,7,FALSE,now(),now(),TRUE,148965
1832043,Toper Bazar,1830544,7,FALSE,now(),now(),TRUE,91041
1832044,Damurchakla,1830545,7,FALSE,now(),now(),TRUE,91013
1832045,Damurchakla,1830545,7,FALSE,now(),now(),TRUE,148960
1832046,Damurchakla,1830545,7,FALSE,now(),now(),TRUE,91012
1832047,Sharif Sundor,1830545,7,FALSE,now(),now(),TRUE,91018
1832048,Satdorgah,1830545,7,FALSE,now(),now(),TRUE,91037
1832049,Sundor Bazar,1830545,7,FALSE,now(),now(),TRUE,133271
1832050,Mondoler Bazar,1830545,7,FALSE,now(),now(),TRUE,133272
1832051,Mostar Bazar,1830545,7,FALSE,now(),now(),TRUE,133273
1832052,Montar Bazar,1830545,7,FALSE,now(),now(),TRUE,148958
1832053,Mondoler Bazar,1830545,7,FALSE,now(),now(),TRUE,96561
1832054,Brahmonikunda,1830545,7,FALSE,now(),now(),TRUE,91026
1832055,Montar Bazar,1830545,7,FALSE,now(),now(),TRUE,148959
1832056,Satdorgah,1830545,7,FALSE,now(),now(),TRUE,91036
1832057,Taler Haat,1830546,7,FALSE,now(),now(),TRUE,148941
1832058,Majhi Para,1830546,7,FALSE,now(),now(),TRUE,91210
1832059,Taler Hut,1830546,7,FALSE,now(),now(),TRUE,91220
1832060,Pochim Dadon,1830546,7,FALSE,now(),now(),TRUE,91214
1832061,Poschim Pater Shikar,1830546,7,FALSE,now(),now(),TRUE,91215
1832062,Kandi Road,1830546,7,FALSE,now(),now(),TRUE,74985
1832063,Kandi Road,1830546,7,FALSE,now(),now(),TRUE,91185
1832064,Chowdhurani Railgate,1830546,7,FALSE,now(),now(),TRUE,91208
1832065,Notabari bazar kandi road,1830546,7,FALSE,now(),now(),TRUE,91213
1832066,Majhi Para,1830546,7,FALSE,now(),now(),TRUE,91211
1832067,Taler Haat,1830546,7,FALSE,now(),now(),TRUE,148942
1832068,Majhi Para,1830546,7,FALSE,now(),now(),TRUE,95814
1832069,Chowdhurani Relget,1830546,7,FALSE,now(),now(),TRUE,91209
1832070,Jotabari bazar kandi roa,1830546,7,FALSE,now(),now(),TRUE,133269
1832071,Taler Hat More,1830546,7,FALSE,now(),now(),TRUE,91217
1832072,Railgate,1830547,7,FALSE,now(),now(),TRUE,35002
1832073,Thana More,1830547,7,FALSE,now(),now(),TRUE,19000
1832074,Dudhea Bari,1830547,7,FALSE,now(),now(),TRUE,91241
1832075,Bokshi Bazar,1830547,7,FALSE,now(),now(),TRUE,55585
1832076,Medical Road,1830547,7,FALSE,now(),now(),TRUE,148919
1832077,Up Office,1830547,7,FALSE,now(),now(),TRUE,91249
1832078,Railgate,1830547,7,FALSE,now(),now(),TRUE,92589
1832079,Bokshi Bazar,1830547,7,FALSE,now(),now(),TRUE,51459
1832080,Chaklar par,1830547,7,FALSE,now(),now(),TRUE,91240
1832081,Railgate,1830547,7,FALSE,now(),now(),TRUE,139712
1832082,Thana More,1830547,7,FALSE,now(),now(),TRUE,31095
1832083,Up Office,1830547,7,FALSE,now(),now(),TRUE,148920
1832084,Railgate,1830547,7,FALSE,now(),now(),TRUE,67882
1832085,Joban Office,1830547,7,FALSE,now(),now(),TRUE,133267
1832086,Medical Road,1830547,7,FALSE,now(),now(),TRUE,128750
1832087,U P More,1830547,7,FALSE,now(),now(),TRUE,91247
1832088,Rell Get,1830547,7,FALSE,now(),now(),TRUE,91246
1832089,Borodorga S Road,1830548,7,FALSE,now(),now(),TRUE,91056
1832090,Borodorga More,1830548,7,FALSE,now(),now(),TRUE,91052
1832091,Borodorga Bazar,1830548,7,FALSE,now(),now(),TRUE,133270
1832092,Sidam Bazar,1830548,7,FALSE,now(),now(),TRUE,148947
1832093,Borodarga High School,1830548,7,FALSE,now(),now(),TRUE,148954
1832094,Borodarga High School,1830548,7,FALSE,now(),now(),TRUE,148948
1832095,Borodarga High School,1830548,7,FALSE,now(),now(),TRUE,148949
1832096,Sidam Bazar,1830548,7,FALSE,now(),now(),TRUE,148951
1832097,Borodarga High School,1830548,7,FALSE,now(),now(),TRUE,148950
1832098,Sidam Bazzar,1830548,7,FALSE,now(),now(),TRUE,91059
1832099,Sidam Bazar,1830548,7,FALSE,now(),now(),TRUE,148952
1832100,Borodorga More,1830548,7,FALSE,now(),now(),TRUE,148953
1832101,Pawtana bolder road,1830549,7,FALSE,now(),now(),TRUE,91265
1832102,Tara Bazar,1830549,7,FALSE,now(),now(),TRUE,148984
1832103,Tara Bazar,1830549,7,FALSE,now(),now(),TRUE,91169
1832104,Pawtana Bolder Road,1830549,7,FALSE,now(),now(),TRUE,148980
1832105,Pawtana Bolder Road,1830549,7,FALSE,now(),now(),TRUE,148977
1832106,Pawtana Bolder Road,1830549,7,FALSE,now(),now(),TRUE,148985
1832107,Tara Bazar,1830549,7,FALSE,now(),now(),TRUE,91274
1832108,Jolpai Bazar,1830549,7,FALSE,now(),now(),TRUE,148983
1832109,Pawtana bolder road,1830549,7,FALSE,now(),now(),TRUE,91266
1832110,Tara Bazar,1830549,7,FALSE,now(),now(),TRUE,91168
1832111,Vokter Bazar,1830549,7,FALSE,now(),now(),TRUE,133274
1832112,Adom Bazar Road,1830549,7,FALSE,now(),now(),TRUE,148981
1832113,Adom Bazar Road,1830549,7,FALSE,now(),now(),TRUE,148982
1832114,Jolpai Bazar,1830549,7,FALSE,now(),now(),TRUE,148979
1832115,Pawtana Bolder Road,1830549,7,FALSE,now(),now(),TRUE,148978
1832116,Sordar Para,1830550,7,FALSE,now(),now(),TRUE,23030
1832117,Salamer More,1830550,7,FALSE,now(),now(),TRUE,92562
1832118,Sordar Para,1830550,7,FALSE,now(),now(),TRUE,25183
1832119,Sordar Para,1830550,7,FALSE,now(),now(),TRUE,131525
1832120,Salamer More,1830550,7,FALSE,now(),now(),TRUE,92561
1832121,Park More,1830550,7,FALSE,now(),now(),TRUE,109300
1832122,Abu Said Gate,1830550,7,FALSE,now(),now(),TRUE,133210
1832123,Park More,1830550,7,FALSE,now(),now(),TRUE,92558
1832124,Salamer More,1830550,7,FALSE,now(),now(),TRUE,148723
1832125,Park More,1830550,7,FALSE,now(),now(),TRUE,92559
1832126,Rogur Bazar,1830551,7,FALSE,now(),now(),TRUE,148685
1832127,Shahi Bazar,1830551,7,FALSE,now(),now(),TRUE,133198
1832128,Kamarer More,1830551,7,FALSE,now(),now(),TRUE,92633
1832129,Chawk Bazar,1830551,7,FALSE,now(),now(),TRUE,148684
1832130,Bottola,1830551,7,FALSE,now(),now(),TRUE,30303
1832131,Ajit More,1830551,7,FALSE,now(),now(),TRUE,148688
1832132,Mirganj Bazar,1830551,7,FALSE,now(),now(),TRUE,92635
1832133,Teprir More,1830551,7,FALSE,now(),now(),TRUE,148686
1832134,Kamarer More,1830551,7,FALSE,now(),now(),TRUE,92634
1832135,Shahi Bazar,1830551,7,FALSE,now(),now(),TRUE,148687
1832136,Mudi Khana,1830551,7,FALSE,now(),now(),TRUE,92638
1832137,Rogu Bazar,1830551,7,FALSE,now(),now(),TRUE,92639
1832138,Mudi Khana,1830551,7,FALSE,now(),now(),TRUE,92637
1832139,Chock Bazar,1830551,7,FALSE,now(),now(),TRUE,92632
1832140,Bottola,1830551,7,FALSE,now(),now(),TRUE,33570
1832141,shiddik memoriyal S,1830551,7,FALSE,now(),now(),TRUE,92642
1832142,Ajijer More,1830551,7,FALSE,now(),now(),TRUE,133199
1832143,Mirganj Bazar,1830551,7,FALSE,now(),now(),TRUE,92636
1832144,Dhaka Stand Modern,1830552,7,FALSE,now(),now(),TRUE,92564
1832145,Kurigram Stand Modern,1830552,7,FALSE,now(),now(),TRUE,148719
1832146,Mumpy More,1830552,7,FALSE,now(),now(),TRUE,92575
1832147,Dhaka Stand Modern,1830552,7,FALSE,now(),now(),TRUE,148720
1832148,Dinajpur Stand Modern,1830552,7,FALSE,now(),now(),TRUE,148721
1832149,kacha bazar,1830552,7,FALSE,now(),now(),TRUE,133209
1832150,Dhaka Stand Modern,1830552,7,FALSE,now(),now(),TRUE,92565
1832151,Sahin Market,1830552,7,FALSE,now(),now(),TRUE,58494
1832152,dinajpur stand,1830552,7,FALSE,now(),now(),TRUE,92566
1832153,Kurigram Stand,1830552,7,FALSE,now(),now(),TRUE,92573
1832154,Kacha Bazar,1830552,7,FALSE,now(),now(),TRUE,19851
1832155,Kurigram Stand Modern,1830552,7,FALSE,now(),now(),TRUE,148722
1832156,Bala Para,1830553,7,FALSE,now(),now(),TRUE,91484
1832157,College Para,1830553,7,FALSE,now(),now(),TRUE,148694
1832158,Bottola,1830553,7,FALSE,now(),now(),TRUE,2983
1832159,College Para,1830553,7,FALSE,now(),now(),TRUE,148695
1832160,VIP Road College Para,1830553,7,FALSE,now(),now(),TRUE,148698
1832161,VIP Road College Para,1830553,7,FALSE,now(),now(),TRUE,148701
1832162,VIP Road College Para,1830553,7,FALSE,now(),now(),TRUE,148700
1832163,Bala Para,1830553,7,FALSE,now(),now(),TRUE,92611
1832164,Bottola,1830553,7,FALSE,now(),now(),TRUE,33570
1832165,Bala Para,1830553,7,FALSE,now(),now(),TRUE,92610
1832166,College Para,1830553,7,FALSE,now(),now(),TRUE,38239
1832167,Dorshona College Road,1830553,7,FALSE,now(),now(),TRUE,148699
1832168,Dorshona College Road,1830553,7,FALSE,now(),now(),TRUE,148696
1832169,College Para,1830553,7,FALSE,now(),now(),TRUE,148697
1832170,Balapara,1830553,7,FALSE,now(),now(),TRUE,66552
1832171,Bala Para,1830553,7,FALSE,now(),now(),TRUE,90580
1832172,Bottola,1830553,7,FALSE,now(),now(),TRUE,30303
1832173,Podagonj,1830554,7,FALSE,now(),now(),TRUE,92694
1832174,Gopalpur,1830554,7,FALSE,now(),now(),TRUE,32320
1832175,palichara,1830554,7,FALSE,now(),now(),TRUE,92692
1832176,Palichara,1830554,7,FALSE,now(),now(),TRUE,148672
1832177,Podagonj Hat,1830554,7,FALSE,now(),now(),TRUE,92693
1832178,Podagonj,1830554,7,FALSE,now(),now(),TRUE,92695
1832179,Jomidar Dighi,1830554,7,FALSE,now(),now(),TRUE,92687
1832180,Palichara,1830554,7,FALSE,now(),now(),TRUE,148673
1832181,club more,1830554,7,FALSE,now(),now(),TRUE,92685
1832182,Jomidar Dighi,1830554,7,FALSE,now(),now(),TRUE,92688
1832183,Lalbag Cattor,1830555,7,FALSE,now(),now(),TRUE,148715
1832184,Lalbag Cattor,1830555,7,FALSE,now(),now(),TRUE,148717
1832185,Lalbag Bazar,1830555,7,FALSE,now(),now(),TRUE,51807
1832186,Lalbag Bazar,1830555,7,FALSE,now(),now(),TRUE,92595
1832187,Lalbag Bazar,1830555,7,FALSE,now(),now(),TRUE,148716
1832188,Lalbag Goru Hati,1830555,7,FALSE,now(),now(),TRUE,92600
1832189,Lalbag Cattor,1830555,7,FALSE,now(),now(),TRUE,148718
1832190,Lalbag Goru Hati,1830555,7,FALSE,now(),now(),TRUE,92602
1832191,Lalbag Bazar,1830555,7,FALSE,now(),now(),TRUE,92593
1832192,Lalbag Goru Hati,1830555,7,FALSE,now(),now(),TRUE,92601
1832193,Lalbag Bazar,1830555,7,FALSE,now(),now(),TRUE,92594
1832194,Lalbag Bazar Road,1830555,7,FALSE,now(),now(),TRUE,133204
1832195,Lalbag Cattor,1830555,7,FALSE,now(),now(),TRUE,133205
1832196,Lalbag Plaza Market,1830555,7,FALSE,now(),now(),TRUE,92607
1832197,Murgi Hati lalbag,1830555,7,FALSE,now(),now(),TRUE,133206
1832198,Murgi Hati lalbag,1830555,7,FALSE,now(),now(),TRUE,133207
1832199,Lalbag Choki Hati,1830555,7,FALSE,now(),now(),TRUE,133208
1832200,Domdoma,1830556,7,FALSE,now(),now(),TRUE,148692
1832201,Taraganj,1830556,7,FALSE,now(),now(),TRUE,148689
1832202,5 Mail,1830556,7,FALSE,now(),now(),TRUE,92644
1832203,Vazer More,1830556,7,FALSE,now(),now(),TRUE,92652
1832204,Domdoma,1830556,7,FALSE,now(),now(),TRUE,92648
1832205,Domdoma,1830556,7,FALSE,now(),now(),TRUE,92647
1832206,5 Mail,1830556,7,FALSE,now(),now(),TRUE,92645
1832207,5 Mail,1830556,7,FALSE,now(),now(),TRUE,148690
1832208,Payrabond,1830556,7,FALSE,now(),now(),TRUE,92649
1832209,Dhan Gobesona,1830556,7,FALSE,now(),now(),TRUE,133201
1832210,Sordar Para,1830556,7,FALSE,now(),now(),TRUE,131525
1832211,Taragonj,1830556,7,FALSE,now(),now(),TRUE,92650
1832212,Belbari,1830556,7,FALSE,now(),now(),TRUE,133200
1832213,Vazer More,1830556,7,FALSE,now(),now(),TRUE,148691
1832214,Domdoma,1830556,7,FALSE,now(),now(),TRUE,148693
1832215,Shyampur Hatkhola,1830557,7,FALSE,now(),now(),TRUE,148665
1832216,Shyampur Station,1830557,7,FALSE,now(),now(),TRUE,148671
1832217,Shyampur Station,1830557,7,FALSE,now(),now(),TRUE,148667
1832218,Shyampur Bondor,1830557,7,FALSE,now(),now(),TRUE,148666
1832219,Shyampur Bondor,1830557,7,FALSE,now(),now(),TRUE,148668
1832220,Shyampur Hatkhola,1830557,7,FALSE,now(),now(),TRUE,148670
1832221,Shyampur Station,1830557,7,FALSE,now(),now(),TRUE,148669
1832222,Shampur Bondor,1830557,7,FALSE,now(),now(),TRUE,92683
1832223,Hatkhola,1830557,7,FALSE,now(),now(),TRUE,92678
1832224,Sampur Station,1830557,7,FALSE,now(),now(),TRUE,92680
1832225,Vurarghat Bazar,1830558,7,FALSE,now(),now(),TRUE,148705
1832226,Shutki Arot,1830558,7,FALSE,now(),now(),TRUE,92590
1832227,Vanga Bridge,1830558,7,FALSE,now(),now(),TRUE,92627
1832228,Vanga Bridge,1830558,7,FALSE,now(),now(),TRUE,92626
1832229,Vurarghat Bazar,1830558,7,FALSE,now(),now(),TRUE,148706
1832230,Vurarghat Road,1830558,7,FALSE,now(),now(),TRUE,92630
1832231,Dhaper Hut,1830558,7,FALSE,now(),now(),TRUE,92620
1832232,Vurar Ghat,1830558,7,FALSE,now(),now(),TRUE,92628
1832233,Hazir More,1830558,7,FALSE,now(),now(),TRUE,92623
1832234,Deep Eye Care Hospital,1830558,7,FALSE,now(),now(),TRUE,148707
1832235,Dhaperhat,1830558,7,FALSE,now(),now(),TRUE,148702
1832236,Dhaperhat,1830558,7,FALSE,now(),now(),TRUE,148708
1832237,Deep Eye Care Hospital,1830558,7,FALSE,now(),now(),TRUE,148704
1832238,Dhaperhat,1830558,7,FALSE,now(),now(),TRUE,148703
1832239,Hazir More,1830558,7,FALSE,now(),now(),TRUE,92624
1832240,Shutki Arot,1830558,7,FALSE,now(),now(),TRUE,92625
1832241,Fathepur,1830558,7,FALSE,now(),now(),TRUE,117662
1832242,Chad Bazar,1830559,7,FALSE,now(),now(),TRUE,148674
1832243,Paan Bazar,1830559,7,FALSE,now(),now(),TRUE,148680
1832244,Gofur Market,1830559,7,FALSE,now(),now(),TRUE,72962
1832245,chad bazar,1830559,7,FALSE,now(),now(),TRUE,92654
1832246,Paan Bazar,1830559,7,FALSE,now(),now(),TRUE,148678
1832247,Gofur Market,1830559,7,FALSE,now(),now(),TRUE,148676
1832248,Paan Bazar,1830559,7,FALSE,now(),now(),TRUE,148675
1832249,Shekpara,1830559,7,FALSE,now(),now(),TRUE,73038
1832250,Shekpara,1830559,7,FALSE,now(),now(),TRUE,73015
1832251,Shekpara,1830559,7,FALSE,now(),now(),TRUE,148679
1832252,Gofur Market,1830559,7,FALSE,now(),now(),TRUE,148677
1832253,gofur marcket,1830559,7,FALSE,now(),now(),TRUE,92660
1832254,chad bazar,1830559,7,FALSE,now(),now(),TRUE,92655
1832255,Hossain Nagar,1830560,7,FALSE,now(),now(),TRUE,148681
1832256,Bottola Bokshi,1830560,7,FALSE,now(),now(),TRUE,148683
1832257,kaidahara fit mill,1830560,7,FALSE,now(),now(),TRUE,92671
1832258,Molla Para,1830560,7,FALSE,now(),now(),TRUE,27328
1832259,deyoan toli,1830560,7,FALSE,now(),now(),TRUE,92668
1832260,bottola bokchi,1830560,7,FALSE,now(),now(),TRUE,92667
1832261,Kaidahara Fit Mill,1830560,7,FALSE,now(),now(),TRUE,148682
1832262,Irshad Nagar,1830560,7,FALSE,now(),now(),TRUE,92670
1832263,Darshana,1830561,7,FALSE,now(),now(),TRUE,133202
1832264,Darshana,1830561,7,FALSE,now(),now(),TRUE,148712
1832265,20 Megawatt More,1830561,7,FALSE,now(),now(),TRUE,148710
1832266,Binodpur,1830561,7,FALSE,now(),now(),TRUE,103122
1832267,20 Megawatt More,1830561,7,FALSE,now(),now(),TRUE,148713
1832268,Darshana,1830561,7,FALSE,now(),now(),TRUE,148714
1832269,Darshana Railgate,1830561,7,FALSE,now(),now(),TRUE,148709
1832270,New Track Stand,1830561,7,FALSE,now(),now(),TRUE,92588
1832271,Darshana Railgate,1830561,7,FALSE,now(),now(),TRUE,148711
1832272,Binodpur,1830561,7,FALSE,now(),now(),TRUE,133203
1832273,20 Megwat More,1830561,7,FALSE,now(),now(),TRUE,92576
1832274,Shithibari Dhaka Stand,1830562,7,FALSE,now(),now(),TRUE,92932
1832275,Borodorga Shanerhat Road,1830562,7,FALSE,now(),now(),TRUE,92914
1832276,Polli Biddut,1830562,7,FALSE,now(),now(),TRUE,36356
1832277,Masta,1830562,7,FALSE,now(),now(),TRUE,92924
1832278,Borodorga Shanerhat Road,1830562,7,FALSE,now(),now(),TRUE,92913
1832279,Overbridger Matha,1830562,7,FALSE,now(),now(),TRUE,149090
1832280,Mach Arot,1830562,7,FALSE,now(),now(),TRUE,92923
1832281,Borodorga Shanerhat Road,1830562,7,FALSE,now(),now(),TRUE,149092
1832282,Shotibari Overbridge,1830562,7,FALSE,now(),now(),TRUE,133284
1832283,Vabna Pump,1830562,7,FALSE,now(),now(),TRUE,92934
1832284,Mach Arot,1830562,7,FALSE,now(),now(),TRUE,92921
1832285,Borodorga Medical Road,1830562,7,FALSE,now(),now(),TRUE,149095
1832286,Shithibari Dhaka Stand,1830562,7,FALSE,now(),now(),TRUE,92931
1832287,Polli Biddut,1830562,7,FALSE,now(),now(),TRUE,58701
1832288,Overbridger Matha,1830562,7,FALSE,now(),now(),TRUE,149093
1832289,Shaner Hat Road More,1830562,7,FALSE,now(),now(),TRUE,92925
1832290,Mach Arot,1830562,7,FALSE,now(),now(),TRUE,92922
1832291,Borodorga Shanerhat Road,1830562,7,FALSE,now(),now(),TRUE,149094
1832292,Dhaka Stand,1830562,7,FALSE,now(),now(),TRUE,92916
1832293,Borodorga Medical Road,1830562,7,FALSE,now(),now(),TRUE,149089
1832294,Vabna Pump,1830562,7,FALSE,now(),now(),TRUE,92935
1832295,Borodorga Medical Road,1830562,7,FALSE,now(),now(),TRUE,149091
1832296,Shotibari Dhaka Stand,1830562,7,FALSE,now(),now(),TRUE,92933
1832297,Dream Plus Pump,1830562,7,FALSE,now(),now(),TRUE,92917
1832298,Dholar Bazer,1830563,7,FALSE,now(),now(),TRUE,92943
1832299,Dholar Bazar,1830563,7,FALSE,now(),now(),TRUE,92942
1832300,Pan Arot,1830563,7,FALSE,now(),now(),TRUE,92751
1832301,Petrol Pump,1830563,7,FALSE,now(),now(),TRUE,122365
1832302,Mohila Market,1830563,7,FALSE,now(),now(),TRUE,92750
1832303,Setu More,1830563,7,FALSE,now(),now(),TRUE,92753
1832304,2 No College Gate,1830563,7,FALSE,now(),now(),TRUE,149135
1832305,kalahati,1830563,7,FALSE,now(),now(),TRUE,117667
1832306,Prany H Get,1830563,7,FALSE,now(),now(),TRUE,92752
1832307,Bala Hati,1830563,7,FALSE,now(),now(),TRUE,149140
1832308,Medical Gate,1830563,7,FALSE,now(),now(),TRUE,47508
1832309,Dhaka Steel,1830563,7,FALSE,now(),now(),TRUE,92749
1832310,Setu More,1830563,7,FALSE,now(),now(),TRUE,92755
1832311,1 No C Gate,1830563,7,FALSE,now(),now(),TRUE,92743
1832312,Bala Hati,1830563,7,FALSE,now(),now(),TRUE,92748
1832313,1 No C Gate,1830563,7,FALSE,now(),now(),TRUE,92744
1832314,Medical Gate,1830563,7,FALSE,now(),now(),TRUE,74529
1832315,kalahati,1830563,7,FALSE,now(),now(),TRUE,149137
1832316,Thana More,1830563,7,FALSE,now(),now(),TRUE,31095
1832317,Dholar Bazer,1830563,7,FALSE,now(),now(),TRUE,92944
1832318,Bus Stand,1830563,7,FALSE,now(),now(),TRUE,16118
1832319,1 No C Gate,1830563,7,FALSE,now(),now(),TRUE,149139
1832320,Dhaka Stand,1830563,7,FALSE,now(),now(),TRUE,149136
1832321,Dhaka Stand,1830563,7,FALSE,now(),now(),TRUE,149138
1832322,Boirati More,1830564,7,FALSE,now(),now(),TRUE,92714
1832323,Old Kolpona,1830564,7,FALSE,now(),now(),TRUE,92722
1832324,New Kolpona,1830564,7,FALSE,now(),now(),TRUE,92721
1832325,Goru Hati,1830564,7,FALSE,now(),now(),TRUE,92717
1832326,Shotibari Pamp,1830564,7,FALSE,now(),now(),TRUE,92726
1832327,Bazar Road,1830564,7,FALSE,now(),now(),TRUE,19774
1832328,Shotibari Uttar Stand More,1830564,7,FALSE,now(),now(),TRUE,92727
1832329,Mouchak Abasik,1830564,7,FALSE,now(),now(),TRUE,92719
1832330,Boirati More,1830564,7,FALSE,now(),now(),TRUE,92715
1832331,Shotibari Pamp,1830564,7,FALSE,now(),now(),TRUE,92725
1832332,Shotibari Uttar Stand,1830564,7,FALSE,now(),now(),TRUE,92728
1832333,Balika Road,1830564,7,FALSE,now(),now(),TRUE,92711
1832334,Goru Hati Road,1830564,7,FALSE,now(),now(),TRUE,92716
1832335,Boirati More,1830564,7,FALSE,now(),now(),TRUE,92713
1832336,Puraton Goru hati,1830564,7,FALSE,now(),now(),TRUE,133292
1832337,Old Kolpona,1830564,7,FALSE,now(),now(),TRUE,133291
1832338,New Kolpona,1830564,7,FALSE,now(),now(),TRUE,92720
1832339,Goru Hati,1830564,7,FALSE,now(),now(),TRUE,92718
1832340,Pretrol Pump,1830564,7,FALSE,now(),now(),TRUE,92723
1832341,Chatal Bazar,1830565,7,FALSE,now(),now(),TRUE,92904
1832342,Akij Gate,1830565,7,FALSE,now(),now(),TRUE,92903
1832343,Morahati,1830565,7,FALSE,now(),now(),TRUE,38160
1832344,Mather Hat,1830565,7,FALSE,now(),now(),TRUE,92766
1832345,Mather Hat,1830565,7,FALSE,now(),now(),TRUE,92765
1832346,Somil,1830565,7,FALSE,now(),now(),TRUE,92909
1832347,Somil,1830565,7,FALSE,now(),now(),TRUE,92910
1832348,Morahati,1830565,7,FALSE,now(),now(),TRUE,92907
1832349,Abirer Para,1830565,7,FALSE,now(),now(),TRUE,92901
1832350,Ramnathpur,1830565,7,FALSE,now(),now(),TRUE,92899
1832351,Chatal Bazar,1830565,7,FALSE,now(),now(),TRUE,92905
1832352,Somil,1830565,7,FALSE,now(),now(),TRUE,92911
1832353,Abirer Para,1830565,7,FALSE,now(),now(),TRUE,92902
1832354,Morahati More,1830565,7,FALSE,now(),now(),TRUE,92906
1832355,Shaner Hat Bazer,1830566,7,FALSE,now(),now(),TRUE,149127
1832356,Char Matha More,1830566,7,FALSE,now(),now(),TRUE,148921
1832357,Shaner Hat Bazer,1830566,7,FALSE,now(),now(),TRUE,92814
1832358,Aamtola,1830566,7,FALSE,now(),now(),TRUE,90570
1832359,Char Matha More,1830566,7,FALSE,now(),now(),TRUE,91250
1832360,Char Matha More,1830566,7,FALSE,now(),now(),TRUE,30558
1832361,Shaner Hat Bazer,1830566,7,FALSE,now(),now(),TRUE,149128
1832362,Madargonj Road,1830566,7,FALSE,now(),now(),TRUE,92812
1832363,Aamtola,1830566,7,FALSE,now(),now(),TRUE,92804
1832364,Madargonj Road,1830566,7,FALSE,now(),now(),TRUE,92811
1832365,Sanerhat Charmatha,1830566,7,FALSE,now(),now(),TRUE,133288
1832366,Amtoli,1830566,7,FALSE,now(),now(),TRUE,34281
1832367,Char Matha More,1830566,7,FALSE,now(),now(),TRUE,149129
1832368,Madargonj Road,1830566,7,FALSE,now(),now(),TRUE,92810
1832369,High School More,1830566,7,FALSE,now(),now(),TRUE,133265
1832370,Madargonj Road,1830566,7,FALSE,now(),now(),TRUE,149126
1832371,Registri Office,1830567,7,FALSE,now(),now(),TRUE,91387
1832372,Mithapukur Vitor Bazar,1830567,7,FALSE,now(),now(),TRUE,92786
1832373,Registri Office Road,1830567,7,FALSE,now(),now(),TRUE,92788
1832374,Poshu H,1830567,7,FALSE,now(),now(),TRUE,70703
1832375,Mithapukur Vitor Bazar,1830567,7,FALSE,now(),now(),TRUE,92785
1832376,Registri Office Road,1830567,7,FALSE,now(),now(),TRUE,92787
1832377,Mohila Market,1830567,7,FALSE,now(),now(),TRUE,149132
1832378,Dc More,1830567,7,FALSE,now(),now(),TRUE,92781
1832379,Mohila Market,1830567,7,FALSE,now(),now(),TRUE,92750
1832380,Dc More,1830567,7,FALSE,now(),now(),TRUE,92782
1832381,Mithapukur Vitor Bazar,1830567,7,FALSE,now(),now(),TRUE,149131
1832382,Dc More,1830567,7,FALSE,now(),now(),TRUE,149134
1832383,Dc More,1830567,7,FALSE,now(),now(),TRUE,149133
1832384,Puraton Police Fari,1830568,7,FALSE,now(),now(),TRUE,92796
1832385,Puraton Police Fari,1830568,7,FALSE,now(),now(),TRUE,92797
1832386,Boro Dorga Dhaka Stand,1830568,7,FALSE,now(),now(),TRUE,92790
1832387,Vandabari Road,1830568,7,FALSE,now(),now(),TRUE,92799
1832388,Highway Road,1830568,7,FALSE,now(),now(),TRUE,52521
1832389,Boro Dorga Dhaka Stand,1830568,7,FALSE,now(),now(),TRUE,149123
1832390,Puraton Police Fari,1830568,7,FALSE,now(),now(),TRUE,149121
1832391,Puraton Police Fari,1830568,7,FALSE,now(),now(),TRUE,92798
1832392,Highway Road Megna Hottel,1830568,7,FALSE,now(),now(),TRUE,92792
1832393,Vitor Bazar,1830568,7,FALSE,now(),now(),TRUE,47125
1832394,Highway Road,1830568,7,FALSE,now(),now(),TRUE,70843
1832395,Borodoga Highway,1830568,7,FALSE,now(),now(),TRUE,133287
1832396,Boro Ambari,1830568,7,FALSE,now(),now(),TRUE,92997
1832397,Vandabari Road,1830568,7,FALSE,now(),now(),TRUE,149122
1832398,Borodorga Mosjid Road,1830568,7,FALSE,now(),now(),TRUE,149125
1832399,Vandabari Road,1830568,7,FALSE,now(),now(),TRUE,149124
1832400,Daul Mirzapur,1830569,7,FALSE,now(),now(),TRUE,92863
1832401,Adorsho Mirzapur,1830569,7,FALSE,now(),now(),TRUE,92861
1832402,Adarhat,1830569,7,FALSE,now(),now(),TRUE,92858
1832403,Mizapur,1830569,7,FALSE,now(),now(),TRUE,92865
1832404,Daul Mirzapur,1830569,7,FALSE,now(),now(),TRUE,92862
1832405,Shib Deyal Para,1830569,7,FALSE,now(),now(),TRUE,92852
1832406,Sheb Bazar,1830569,7,FALSE,now(),now(),TRUE,92866
1832407,Mater Hat,1830569,7,FALSE,now(),now(),TRUE,92522
1832408,Adarhat,1830569,7,FALSE,now(),now(),TRUE,149103
1832409,Mater Hat,1830569,7,FALSE,now(),now(),TRUE,92764
1832410,Adorsho Mirzapur (Uttor),1830569,7,FALSE,now(),now(),TRUE,92859
1832411,Mater Hat Uttor,1830569,7,FALSE,now(),now(),TRUE,92864
1832412,Adorsho Mirzapur (Uttor),1830569,7,FALSE,now(),now(),TRUE,92860
1832413,Vitor Bazer,1830570,7,FALSE,now(),now(),TRUE,92854
1832414,Boirati Thana Road,1830570,7,FALSE,now(),now(),TRUE,92826
1832415,Rosul pur,1830570,7,FALSE,now(),now(),TRUE,117669
1832416,Boirati Vitor Bazar,1830570,7,FALSE,now(),now(),TRUE,92842
1832417,Puran Boirati,1830570,7,FALSE,now(),now(),TRUE,92851
1832418,Kalimondir Tulshidanga,1830570,7,FALSE,now(),now(),TRUE,92827
1832419,Boirati School More,1830570,7,FALSE,now(),now(),TRUE,149117
1832420,Boirati School More,1830570,7,FALSE,now(),now(),TRUE,149118
1832421,Boirati More Brac Office,1830570,7,FALSE,now(),now(),TRUE,92824
1832422,Goru Hati,1830570,7,FALSE,now(),now(),TRUE,92845
1832423,Vitor Bazer,1830570,7,FALSE,now(),now(),TRUE,92742
1832424,Thana Road,1830570,7,FALSE,now(),now(),TRUE,122313
1832425,Boirati Tempu Stand,1830570,7,FALSE,now(),now(),TRUE,149120
1832426,Jalalgonj Road,1830570,7,FALSE,now(),now(),TRUE,92846
1832427,Nobab Hotel,1830570,7,FALSE,now(),now(),TRUE,92850
1832428,School Road,1830570,7,FALSE,now(),now(),TRUE,23011
1832429,Vitor Bazer,1830570,7,FALSE,now(),now(),TRUE,92855
1832430,Boirati Tempu Stand,1830570,7,FALSE,now(),now(),TRUE,92825
1832431,Boirati Tempu Stand,1830570,7,FALSE,now(),now(),TRUE,149114
1832432,Brac Office,1830570,7,FALSE,now(),now(),TRUE,92843
1832433,Nobab Hotel,1830570,7,FALSE,now(),now(),TRUE,149119
1832434,School Road,1830570,7,FALSE,now(),now(),TRUE,71024
1832435,Rosul pur,1830570,7,FALSE,now(),now(),TRUE,149115
1832436,Goru Hati,1830570,7,FALSE,now(),now(),TRUE,92844
1832437,Kalimondir Tulshidanga,1830570,7,FALSE,now(),now(),TRUE,149116
1832438,Boirati,1830570,7,FALSE,now(),now(),TRUE,133286
1832439,Boirati Goru Hati,1830570,7,FALSE,now(),now(),TRUE,92823
1832440,Serudanga Terminal,1830571,7,FALSE,now(),now(),TRUE,92773
1832441,Serudanga,1830571,7,FALSE,now(),now(),TRUE,149108
1832442,Girai,1830571,7,FALSE,now(),now(),TRUE,92762
1832443,Mather Hat,1830571,7,FALSE,now(),now(),TRUE,92766
1832444,Serudanga More,1830571,7,FALSE,now(),now(),TRUE,92770
1832445,Serudanga Terminal,1830571,7,FALSE,now(),now(),TRUE,92772
1832446,Serudaga Terminal,1830571,7,FALSE,now(),now(),TRUE,92768
1832447,Mather Hat,1830571,7,FALSE,now(),now(),TRUE,109566
1832448,Mather Hat,1830571,7,FALSE,now(),now(),TRUE,92765
1832449,Serudanga,1830571,7,FALSE,now(),now(),TRUE,92777
1832450,Serudanga,1830571,7,FALSE,now(),now(),TRUE,92778
1832451,Bondhur More,1830571,7,FALSE,now(),now(),TRUE,92758
1832452,Serudanga More,1830571,7,FALSE,now(),now(),TRUE,149109
1832453,Bondhur More,1830571,7,FALSE,now(),now(),TRUE,92759
1832454,Bondhur More,1830571,7,FALSE,now(),now(),TRUE,92757
1832455,Vaterpar,1830571,7,FALSE,now(),now(),TRUE,149112
1832456,Vaterpar,1830571,7,FALSE,now(),now(),TRUE,117668
1832457,Girai,1830571,7,FALSE,now(),now(),TRUE,92763
1832458,Serudanga More,1830571,7,FALSE,now(),now(),TRUE,92771
1832459,Bondhur More,1830571,7,FALSE,now(),now(),TRUE,92760
1832460,Serudanga,1830571,7,FALSE,now(),now(),TRUE,133285
1832461,Serudanga Terminal,1830571,7,FALSE,now(),now(),TRUE,92774
1832462,Vaterpar,1830571,7,FALSE,now(),now(),TRUE,149113
1832463,Mather Hat,1830571,7,FALSE,now(),now(),TRUE,149110
1832464,Serudanga Terminal,1830571,7,FALSE,now(),now(),TRUE,149111
1832465,Kola Hati Mosjid,1830572,7,FALSE,now(),now(),TRUE,92734
1832466,Mishti Hati,1830572,7,FALSE,now(),now(),TRUE,92736
1832467,Shotibari Vitor Bazar,1830572,7,FALSE,now(),now(),TRUE,149143
1832468,Shotibari Vitor Bazar,1830572,7,FALSE,now(),now(),TRUE,92741
1832469,Dabra Auto Stand,1830572,7,FALSE,now(),now(),TRUE,92729
1832470,Dabra Road,1830572,7,FALSE,now(),now(),TRUE,92730
1832471,Dabra Road,1830572,7,FALSE,now(),now(),TRUE,92731
1832472,Dabra Road,1830572,7,FALSE,now(),now(),TRUE,92941
1832473,Bazar Road,1830572,7,FALSE,now(),now(),TRUE,19774
1832474,Dabra Road,1830572,7,FALSE,now(),now(),TRUE,133293
1832475,Shotibari Vitor Bazar,1830572,7,FALSE,now(),now(),TRUE,149142
1832476,Kolahati,1830572,7,FALSE,now(),now(),TRUE,92735
1832477,Mishti Hati,1830572,7,FALSE,now(),now(),TRUE,149141
1832478,Dabra Road,1830572,7,FALSE,now(),now(),TRUE,92732
1832479,Belbari Bazer More,1830573,7,FALSE,now(),now(),TRUE,92884
1832480,Mothurapur,1830573,7,FALSE,now(),now(),TRUE,68416
1832481,Sabur Bazar,1830573,7,FALSE,now(),now(),TRUE,92900
1832482,Mondol Bazar,1830573,7,FALSE,now(),now(),TRUE,149100
1832483,Belbari More,1830573,7,FALSE,now(),now(),TRUE,92886
1832484,Mirzapur Road,1830573,7,FALSE,now(),now(),TRUE,92896
1832485,Mothurapur,1830573,7,FALSE,now(),now(),TRUE,64720
1832486,Jotdulal,1830573,7,FALSE,now(),now(),TRUE,149101
1832487,Narish,1830573,7,FALSE,now(),now(),TRUE,93006
1832488,Binodpur,1830573,7,FALSE,now(),now(),TRUE,92887
1832489,Kanu Dash Para,1830573,7,FALSE,now(),now(),TRUE,92893
1832490,Belbari More,1830573,7,FALSE,now(),now(),TRUE,92885
1832491,Mirzapur Road,1830573,7,FALSE,now(),now(),TRUE,60971
1832492,Belbari Bazer More,1830573,7,FALSE,now(),now(),TRUE,92883
1832493,Jotdulal,1830573,7,FALSE,now(),now(),TRUE,92891
1832494,Jotdulal,1830573,7,FALSE,now(),now(),TRUE,92890
1832495,Mondol Bazar,1830573,7,FALSE,now(),now(),TRUE,32272
1832496,Kanu Dash Para,1830573,7,FALSE,now(),now(),TRUE,92894
1832497,Khamar Horipur,1830573,7,FALSE,now(),now(),TRUE,92895
1832498,Jotdulal,1830573,7,FALSE,now(),now(),TRUE,92889
1832499,Mothurapur,1830573,7,FALSE,now(),now(),TRUE,131107
1832500,Dhap Bazar,1830573,7,FALSE,now(),now(),TRUE,93001
1832501,Dhap Bazar,1830573,7,FALSE,now(),now(),TRUE,93003
1832502,Dholar Para,1830573,7,FALSE,now(),now(),TRUE,92888
1832503,Mondol Bazar,1830573,7,FALSE,now(),now(),TRUE,149102
1832504,Sabur Bazar,1830573,7,FALSE,now(),now(),TRUE,96630
1832505,Dhap Bazar,1830573,7,FALSE,now(),now(),TRUE,93002
1832506,Narish,1830573,7,FALSE,now(),now(),TRUE,93005
1832507,Jahangirabad More,1830574,7,FALSE,now(),now(),TRUE,92874
1832508,Foridpur,1830574,7,FALSE,now(),now(),TRUE,92872
1832509,Foridpur,1830574,7,FALSE,now(),now(),TRUE,92871
1832510,Adibasi School,1830574,7,FALSE,now(),now(),TRUE,149105
1832511,Rohomotpur,1830574,7,FALSE,now(),now(),TRUE,92881
1832512,Jahangirabad More,1830574,7,FALSE,now(),now(),TRUE,149107
1832513,Poddopukur,1830574,7,FALSE,now(),now(),TRUE,92879
1832514,Poddopukur,1830574,7,FALSE,now(),now(),TRUE,64199
1832515,Tetulia,1830574,7,FALSE,now(),now(),TRUE,92882
1832516,Rohomotpur,1830574,7,FALSE,now(),now(),TRUE,22332
1832517,Poddopukur,1830574,7,FALSE,now(),now(),TRUE,149104
1832518,Adibasi School,1830574,7,FALSE,now(),now(),TRUE,149106
1832519,New Goru hati,1830575,7,FALSE,now(),now(),TRUE,92704
1832520,Krishnopur,1830575,7,FALSE,now(),now(),TRUE,149098
1832521,Dabra Road,1830575,7,FALSE,now(),now(),TRUE,92731
1832522,Netar Bazar,1830575,7,FALSE,now(),now(),TRUE,92951
1832523,Club Bazar,1830575,7,FALSE,now(),now(),TRUE,92940
1832524,Krishnopur,1830575,7,FALSE,now(),now(),TRUE,27450
1832525,Mahiyerpur,1830575,7,FALSE,now(),now(),TRUE,92947
1832526,Club Bazar,1830575,7,FALSE,now(),now(),TRUE,149096
1832527,Netar Bazar,1830575,7,FALSE,now(),now(),TRUE,149097
1832528,Dabra Road,1830575,7,FALSE,now(),now(),TRUE,92941
1832529,Mahiyerpur,1830575,7,FALSE,now(),now(),TRUE,149099
1832530,Dabra Road,1830575,7,FALSE,now(),now(),TRUE,92730
1832531,Club Bazar,1830575,7,FALSE,now(),now(),TRUE,73362
1832532,Vitor Bazer,1830576,7,FALSE,now(),now(),TRUE,92742
1832533,Nankor Bazer,1830576,7,FALSE,now(),now(),TRUE,92829
1832534,Pagla Bazar Vitor,1830576,7,FALSE,now(),now(),TRUE,92832
1832535,Pailer Bazar,1830576,7,FALSE,now(),now(),TRUE,92834
1832536,Pakar Matha,1830576,7,FALSE,now(),now(),TRUE,76630
1832537,Pakar Matha,1830576,7,FALSE,now(),now(),TRUE,131001
1832538,Nankur Porishod Vobn,1830576,7,FALSE,now(),now(),TRUE,92831
1832539,Kani Para,1830576,7,FALSE,now(),now(),TRUE,92828
1832540,Paglabazar,1830576,7,FALSE,now(),now(),TRUE,107950
1832541,Setolgari,1830576,7,FALSE,now(),now(),TRUE,133289
1832542,Pakar Matha,1830576,7,FALSE,now(),now(),TRUE,70976
1832543,Sodurpara,1830576,7,FALSE,now(),now(),TRUE,133290
1832544,Sudur Para,1830576,7,FALSE,now(),now(),TRUE,92838
1832545,Askorpur,1830576,7,FALSE,now(),now(),TRUE,92821
1832546,Askorpur,1830576,7,FALSE,now(),now(),TRUE,92822
1832547,Askorpur,1830576,7,FALSE,now(),now(),TRUE,149130
1832548,Pakar Matha,1830576,7,FALSE,now(),now(),TRUE,11296
1832549,Shotibari Dokkhin Stand,1830577,7,FALSE,now(),now(),TRUE,92709
1832550,Balua Road,1830577,7,FALSE,now(),now(),TRUE,92698
1832551,Shotibari College Gate,1830577,7,FALSE,now(),now(),TRUE,149146
1832552,Durgapur,1830577,7,FALSE,now(),now(),TRUE,7377
1832553,Shotibari College Gate,1830577,7,FALSE,now(),now(),TRUE,149144
1832554,Balua Road (Purbo),1830577,7,FALSE,now(),now(),TRUE,92696
1832555,Chirar Mill,1830577,7,FALSE,now(),now(),TRUE,73380
1832556,Shotibari Dokkhin Stand,1830577,7,FALSE,now(),now(),TRUE,149145
1832557,Sordarer More,1830577,7,FALSE,now(),now(),TRUE,133294
1832558,Shah Para Road,1830577,7,FALSE,now(),now(),TRUE,133295
1832559,Balua Road (Purbo),1830577,7,FALSE,now(),now(),TRUE,92697
1832560,Shah Para Road,1830577,7,FALSE,now(),now(),TRUE,92705
1832561,Balua Road,1830577,7,FALSE,now(),now(),TRUE,92699
1832562,Shotibari Dokkhin Stand,1830577,7,FALSE,now(),now(),TRUE,92710
1832563,1 No C Gate,1830577,7,FALSE,now(),now(),TRUE,92744
1832564,Chirar Mill,1830577,7,FALSE,now(),now(),TRUE,97761
1832565,Char Kodom Bazar,1830578,7,FALSE,now(),now(),TRUE,92954
1832566,Rothia Modarn Bazar,1830578,7,FALSE,now(),now(),TRUE,92960
1832567,Enaiatpur Akondor Bazar,1830578,7,FALSE,now(),now(),TRUE,92956
1832568,Damdonpur M More,1830578,7,FALSE,now(),now(),TRUE,92955
1832569,Jonotar Bazer,1830578,7,FALSE,now(),now(),TRUE,92957
1832570,Cawya Pukur,1830578,7,FALSE,now(),now(),TRUE,92976
1832571,Akotar Bazar,1830578,7,FALSE,now(),now(),TRUE,92953
1832572,Soto Paharpur,1830578,7,FALSE,now(),now(),TRUE,92962
1832573,Parbotipur Dokhin Para M More,1830578,7,FALSE,now(),now(),TRUE,92959
1832574,Rothia S Para,1830578,7,FALSE,now(),now(),TRUE,92961
1832575,Debrar Bazer,1830579,7,FALSE,now(),now(),TRUE,92966
1832576,Beltoli,1830579,7,FALSE,now(),now(),TRUE,32200
1832577,Jalalgong Road,1830579,7,FALSE,now(),now(),TRUE,92968
1832578,Akdala,1830579,7,FALSE,now(),now(),TRUE,92964
1832579,Ematpur Anonder Bazer,1830579,7,FALSE,now(),now(),TRUE,92967
1832580,Babur Stand,1830579,7,FALSE,now(),now(),TRUE,92869
1832581,Babur Stand,1830579,7,FALSE,now(),now(),TRUE,92870
1832582,Muhuri Para,1830579,7,FALSE,now(),now(),TRUE,92969
1832583,Akdala School More,1830579,7,FALSE,now(),now(),TRUE,149088
1832584,ArifPur,1830579,7,FALSE,now(),now(),TRUE,92965
1832585,Simanto Bazer,1830579,7,FALSE,now(),now(),TRUE,92971
1832586,Pochar Hat,1830579,7,FALSE,now(),now(),TRUE,92970
1832587,Toffajjol Hossion B,1830579,7,FALSE,now(),now(),TRUE,92972
1832588,Puraton Chupothi,1830580,7,FALSE,now(),now(),TRUE,91964
1832589,Puraton Chupothi Dokkin,1830580,7,FALSE,now(),now(),TRUE,91960
1832590,Dholai Ghat,1830580,7,FALSE,now(),now(),TRUE,92075
1832591,Puraton Chupothi,1830580,7,FALSE,now(),now(),TRUE,133220
1832592,Kazir Hat,1830580,7,FALSE,now(),now(),TRUE,47700
1832593,Alampur,1830580,7,FALSE,now(),now(),TRUE,27199
1832594,Elahir Vitor Bazar,1830580,7,FALSE,now(),now(),TRUE,92077
1832595,Elahir Bazar,1830580,7,FALSE,now(),now(),TRUE,92076
1832596,Alomgir Bazar,1830580,7,FALSE,now(),now(),TRUE,92073
1832597,Adorsho Hgih S,1830580,7,FALSE,now(),now(),TRUE,91952
1832598,Kazir Hat,1830580,7,FALSE,now(),now(),TRUE,92078
1832599,Adorsho Hgih S,1830580,7,FALSE,now(),now(),TRUE,91950
1832600,Kazir Hat,1830580,7,FALSE,now(),now(),TRUE,92079
1832601,Vitor Bazar,1830581,7,FALSE,now(),now(),TRUE,47125
1832602,Dhulia Bazar,1830581,7,FALSE,now(),now(),TRUE,91941
1832603,Dhulia Bazar Purbo,1830581,7,FALSE,now(),now(),TRUE,91940
1832604,Vitor Bazar Uttor,1830581,7,FALSE,now(),now(),TRUE,133228
1832605,Agroni Bank More,1830581,7,FALSE,now(),now(),TRUE,91939
1832606,Kishorgonj Road,1830581,7,FALSE,now(),now(),TRUE,91943
1832607,Dhulia Bazar,1830581,7,FALSE,now(),now(),TRUE,83980
1832608,Mosque Goli,1830581,7,FALSE,now(),now(),TRUE,91925
1832609,Dhulia Bazar,1830581,7,FALSE,now(),now(),TRUE,148782
1832610,Mosque Goli,1830581,7,FALSE,now(),now(),TRUE,91926
1832611,Thana Road,1830581,7,FALSE,now(),now(),TRUE,6940
1832612,Kishorgonj Road,1830581,7,FALSE,now(),now(),TRUE,91944
1832613,Taragonj Cow Hut,1830582,7,FALSE,now(),now(),TRUE,91935
1832614,Dhan Hati,1830582,7,FALSE,now(),now(),TRUE,91924
1832615,Taragonj Bazar Road,1830582,7,FALSE,now(),now(),TRUE,19101
1832616,Taragonj Bazar Road,1830582,7,FALSE,now(),now(),TRUE,148781
1832617,Burirhat Road,1830582,7,FALSE,now(),now(),TRUE,91958
1832618,Taragonj Bus Stand,1830582,7,FALSE,now(),now(),TRUE,91931
1832619,Dhaka Stand Taragonj,1830582,7,FALSE,now(),now(),TRUE,91922
1832620,Burirhat Road,1830582,7,FALSE,now(),now(),TRUE,91959
1832621,Taragonj Bus Stand,1830582,7,FALSE,now(),now(),TRUE,91932
1832622,Bus Stand,1830582,7,FALSE,now(),now(),TRUE,16118
1832623,Taragonj Bus Stand Dokkin,1830582,7,FALSE,now(),now(),TRUE,91930
1832624,Taragonj Cow Hut,1830582,7,FALSE,now(),now(),TRUE,91936
1832625,Bus Stand,1830582,7,FALSE,now(),now(),TRUE,30836
1832626,Bus Stand,1830582,7,FALSE,now(),now(),TRUE,45586
1832627,Khilal Gonj,1830583,7,FALSE,now(),now(),TRUE,92056
1832628,Mudikhana,1830583,7,FALSE,now(),now(),TRUE,92060
1832629,Vinno Jogot,1830583,7,FALSE,now(),now(),TRUE,92061
1832630,Gonjipur Bazar,1830583,7,FALSE,now(),now(),TRUE,148765
1832631,Surunger Bazar,1830583,7,FALSE,now(),now(),TRUE,91998
1832632,Mudikhana,1830583,7,FALSE,now(),now(),TRUE,92059
1832633,Khilal Gonj Uttor,1830583,7,FALSE,now(),now(),TRUE,92055
1832634,Salayasha Malipara,1830583,7,FALSE,now(),now(),TRUE,92026
1832635,Surunger Bazar,1830583,7,FALSE,now(),now(),TRUE,91999
1832636,Vinno Jogot,1830583,7,FALSE,now(),now(),TRUE,92062
1832637,Surunger Bazar,1830583,7,FALSE,now(),now(),TRUE,148766
1832638,Sholeyasha Bazar,1830584,7,FALSE,now(),now(),TRUE,133213
1832639,Pan Bazar Vitor,1830584,7,FALSE,now(),now(),TRUE,92065
1832640,Pan Bazar Dokkin,1830584,7,FALSE,now(),now(),TRUE,92063
1832641,Pan Bazar Vitor,1830584,7,FALSE,now(),now(),TRUE,148769
1832642,Shiber Bazar,1830584,7,FALSE,now(),now(),TRUE,33996
1832643,Pan Bazar Uttor,1830584,7,FALSE,now(),now(),TRUE,92064
1832644,Porishod Bazar,1830584,7,FALSE,now(),now(),TRUE,133212
1832645,Pan Bazar Road,1830584,7,FALSE,now(),now(),TRUE,41968
1832646,Pan Bazar,1830584,7,FALSE,now(),now(),TRUE,59831
1832647,Sholeyasha Bazar,1830584,7,FALSE,now(),now(),TRUE,148767
1832648,Pan Bazar,1830584,7,FALSE,now(),now(),TRUE,127437
1832649,Sholeyasha Bazar,1830584,7,FALSE,now(),now(),TRUE,148768
1832650,Chorob Danga,1830585,7,FALSE,now(),now(),TRUE,91976
1832651,Beltoli Medical,1830585,7,FALSE,now(),now(),TRUE,148778
1832652,Ghonirampur,1830585,7,FALSE,now(),now(),TRUE,91979
1832653,Kazi Firm More,1830585,7,FALSE,now(),now(),TRUE,91980
1832654,Brack More,1830585,7,FALSE,now(),now(),TRUE,91955
1832655,Brack More,1830585,7,FALSE,now(),now(),TRUE,91975
1832656,Upozill More,1830585,7,FALSE,now(),now(),TRUE,91985
1832657,Beltoli Medical,1830585,7,FALSE,now(),now(),TRUE,148780
1832658,Boro Gola,1830585,7,FALSE,now(),now(),TRUE,91973
1832659,Kazi Firm More,1830585,7,FALSE,now(),now(),TRUE,91981
1832660,Chorob Danga,1830585,7,FALSE,now(),now(),TRUE,91978
1832661,Beltoli Medical,1830585,7,FALSE,now(),now(),TRUE,133227
1832662,Ghonirampur,1830585,7,FALSE,now(),now(),TRUE,148779
1832663,Dalia Road,1830586,7,FALSE,now(),now(),TRUE,92035
1832664,Petrol Pump More,1830586,7,FALSE,now(),now(),TRUE,92047
1832665,Paglapir Dhaka Stand,1830586,7,FALSE,now(),now(),TRUE,148773
1832666,Pan Bazar Road,1830586,7,FALSE,now(),now(),TRUE,92046
1832667,Paglapir Saidpur Road,1830586,7,FALSE,now(),now(),TRUE,148771
1832668,Paglapir Dhaka Stand,1830586,7,FALSE,now(),now(),TRUE,148772
1832669,Nama Bazar,1830586,7,FALSE,now(),now(),TRUE,2967
1832670,Polli Biddut Gate,1830586,7,FALSE,now(),now(),TRUE,92049
1832671,Petrol Pump More,1830586,7,FALSE,now(),now(),TRUE,92048
1832672,Paglapir Saidpur Road,1830586,7,FALSE,now(),now(),TRUE,133214
1832673,Dalia Road,1830586,7,FALSE,now(),now(),TRUE,133215
1832674,Betgari Road,1830586,7,FALSE,now(),now(),TRUE,91679
1832675,Polli Biddut Gate,1830586,7,FALSE,now(),now(),TRUE,148770
1832676,Kursha Kazi Para,1830587,7,FALSE,now(),now(),TRUE,92069
1832677,Shoyar Darar Par,1830587,7,FALSE,now(),now(),TRUE,92070
1832678,Danga Para Road,1830587,7,FALSE,now(),now(),TRUE,92068
1832679,Barobarir Danga Bazar,1830587,7,FALSE,now(),now(),TRUE,92067
1832680,Taragonj Highway,1830587,7,FALSE,now(),now(),TRUE,91966
1832681,Danga Para Road,1830587,7,FALSE,now(),now(),TRUE,133224
1832682,Hazir Hat,1830587,7,FALSE,now(),now(),TRUE,80432
1832683,Taragonj Highway,1830587,7,FALSE,now(),now(),TRUE,133226
1832684,Barobarir Danga Bazar,1830587,7,FALSE,now(),now(),TRUE,133225
1832685,Danga Para Road,1830587,7,FALSE,now(),now(),TRUE,148777
1832686,Kursha Kazi Para,1830587,7,FALSE,now(),now(),TRUE,148776
1832687,Shoyar Darar Par,1830587,7,FALSE,now(),now(),TRUE,92071
1832688,Ekorchali,1830588,7,FALSE,now(),now(),TRUE,133216
1832689,Birabari Bazar,1830588,7,FALSE,now(),now(),TRUE,92013
1832690,Bamon Dighi,1830588,7,FALSE,now(),now(),TRUE,92010
1832691,Mazer Hat,1830588,7,FALSE,now(),now(),TRUE,91994
1832692,Bamon Dighi,1830588,7,FALSE,now(),now(),TRUE,133217
1832693,Ekorchali Vitor Bazar,1830588,7,FALSE,now(),now(),TRUE,91989
1832694,Dighir Par,1830588,7,FALSE,now(),now(),TRUE,59298
1832695,Bamon Dighi,1830588,7,FALSE,now(),now(),TRUE,86214
1832696,Dighir Par,1830588,7,FALSE,now(),now(),TRUE,34421
1832697,Dangir Hat Purbo,1830589,7,FALSE,now(),now(),TRUE,92014
1832698,Sentarer Hat,1830589,7,FALSE,now(),now(),TRUE,133218
1832699,Bala Bari,1830589,7,FALSE,now(),now(),TRUE,92019
1832700,Munshir Hat,1830589,7,FALSE,now(),now(),TRUE,92022
1832701,Asami Gonj,1830589,7,FALSE,now(),now(),TRUE,92009
1832702,Hatibanda Bazar,1830589,7,FALSE,now(),now(),TRUE,92016
1832703,Chap Chapir Bazar,1830589,7,FALSE,now(),now(),TRUE,117644
1832704,Nekir Hat,1830589,7,FALSE,now(),now(),TRUE,92023
1832705,Ta Bazar,1830589,7,FALSE,now(),now(),TRUE,72533
1832706,Dangir Hat,1830589,7,FALSE,now(),now(),TRUE,92015
1832707,Bala Bari,1830589,7,FALSE,now(),now(),TRUE,133219
1832708,Asami Gonj,1830589,7,FALSE,now(),now(),TRUE,148774
1832709,Ta Bazar,1830589,7,FALSE,now(),now(),TRUE,72534
1832710,Joy Bangla,1830590,7,FALSE,now(),now(),TRUE,34086
1832711,Burir Hat Vitor Bazar,1830590,7,FALSE,now(),now(),TRUE,133223
1832712,Burir Hat,1830590,7,FALSE,now(),now(),TRUE,76605
1832713,Burir Hat Dokkin,1830590,7,FALSE,now(),now(),TRUE,92000
1832714,Kasia Bari,1830590,7,FALSE,now(),now(),TRUE,92008
1832715,Chilapak Hat,1830590,7,FALSE,now(),now(),TRUE,92007
1832716,Hazir Hat,1830590,7,FALSE,now(),now(),TRUE,80432
1832717,Burir hat Purbo,1830590,7,FALSE,now(),now(),TRUE,133222
1832718,Hazir Hat,1830590,7,FALSE,now(),now(),TRUE,81557
1832719,Kasia Bari,1830590,7,FALSE,now(),now(),TRUE,133221
1832720,Burir Hat Purbo,1830590,7,FALSE,now(),now(),TRUE,92002
1832721,Burir Hat Vitor Bazar,1830590,7,FALSE,now(),now(),TRUE,148775
1832722,Mamunpur,1830591,7,FALSE,now(),now(),TRUE,93097
1832723,Kumedpur,1830591,7,FALSE,now(),now(),TRUE,93093
1832724,Kumedpur,1830591,7,FALSE,now(),now(),TRUE,93094
1832725,Rosulpur,1830591,7,FALSE,now(),now(),TRUE,71970
1832726,Anondo Nagar,1830591,7,FALSE,now(),now(),TRUE,93053
1832727,Rosulpur More,1830591,7,FALSE,now(),now(),TRUE,93100
1832728,Rosulpur,1830591,7,FALSE,now(),now(),TRUE,30370
1832729,Khoyerbari,1830591,7,FALSE,now(),now(),TRUE,93062
1832730,Rosulpur,1830591,7,FALSE,now(),now(),TRUE,11507
1832731,Kumedpur,1830591,7,FALSE,now(),now(),TRUE,93095
1832732,Rosulpur More,1830591,7,FALSE,now(),now(),TRUE,93098
1832733,Kumedpur,1830591,7,FALSE,now(),now(),TRUE,96752
1832734,Anondo Nagar,1830591,7,FALSE,now(),now(),TRUE,93052
1832735,Anondo Nagar,1830591,7,FALSE,now(),now(),TRUE,93085
1832736,Khoyerbari,1830591,7,FALSE,now(),now(),TRUE,93086
1832737,Rosulpur More,1830591,7,FALSE,now(),now(),TRUE,93099
1832738,Rosulpur More,1830591,7,FALSE,now(),now(),TRUE,93101
1832739,Mamunpur,1830591,7,FALSE,now(),now(),TRUE,93096
1832740,Rosulpur Uttar,1830591,7,FALSE,now(),now(),TRUE,93102
1832741,Rosulpur,1830591,7,FALSE,now(),now(),TRUE,79141
1832742,Chatal Bazar,1830592,7,FALSE,now(),now(),TRUE,92904
1832743,Vendabari Bus Stand,1830592,7,FALSE,now(),now(),TRUE,93041
1832744,Saudia Market,1830592,7,FALSE,now(),now(),TRUE,93033
1832745,Vuju Bari,1830592,7,FALSE,now(),now(),TRUE,93050
1832746,Shorif Pur,1830592,7,FALSE,now(),now(),TRUE,93036
1832747,Pachar Para,1830592,7,FALSE,now(),now(),TRUE,93030
1832748,Vendabari Bus Stand,1830592,7,FALSE,now(),now(),TRUE,93040
1832749,Chatal Bazar,1830592,7,FALSE,now(),now(),TRUE,92905
1832750,Volar Tol,1830592,7,FALSE,now(),now(),TRUE,93046
1832751,Milki,1830592,7,FALSE,now(),now(),TRUE,93027
1832752,Milki,1830592,7,FALSE,now(),now(),TRUE,93028
1832753,Southiya Market,1830592,7,FALSE,now(),now(),TRUE,93039
1832754,Volar Tol,1830592,7,FALSE,now(),now(),TRUE,149154
1832755,Vendabari,1830592,7,FALSE,now(),now(),TRUE,93043
1832756,Vendabari,1830592,7,FALSE,now(),now(),TRUE,93042
1832757,Volar Tol,1830592,7,FALSE,now(),now(),TRUE,149155
1832758,Milki,1830592,7,FALSE,now(),now(),TRUE,93029
1832759,Pachar Para,1830592,7,FALSE,now(),now(),TRUE,93031
1832760,Shorif Pur,1830592,7,FALSE,now(),now(),TRUE,93035
1832761,Rupali Bank,1830592,7,FALSE,now(),now(),TRUE,93018
1832762,Saudia Market,1830592,7,FALSE,now(),now(),TRUE,76279
1832763,Shorif Pur,1830592,7,FALSE,now(),now(),TRUE,93034
1832764,Saudia Market,1830592,7,FALSE,now(),now(),TRUE,149153
1832765,Volar Tol,1830592,7,FALSE,now(),now(),TRUE,93045
1832766,Bhimshohor,1830592,7,FALSE,now(),now(),TRUE,93026
1832767,Pachar Para,1830592,7,FALSE,now(),now(),TRUE,31804
1832768,Vim Sohor,1830592,7,FALSE,now(),now(),TRUE,93044
1832769,Choran Stand,1830593,7,FALSE,now(),now(),TRUE,92281
1832770,Choran Stand Road,1830593,7,FALSE,now(),now(),TRUE,149189
1832771,Choran Tempu Stand,1830593,7,FALSE,now(),now(),TRUE,92282
1832772,Gutibari,1830593,7,FALSE,now(),now(),TRUE,92285
1832773,Nager Hat Vitor Bazar,1830593,7,FALSE,now(),now(),TRUE,92290
1832774,Choran Road,1830593,7,FALSE,now(),now(),TRUE,92279
1832775,Nager Hat Bazar,1830593,7,FALSE,now(),now(),TRUE,92286
1832776,Gutibari,1830593,7,FALSE,now(),now(),TRUE,92284
1832777,Nager Hat Bazar,1830593,7,FALSE,now(),now(),TRUE,149190
1832778,Choran Road,1830593,7,FALSE,now(),now(),TRUE,92265
1832779,Choran Road,1830593,7,FALSE,now(),now(),TRUE,92280
1832780,Choran Tempu Stand,1830593,7,FALSE,now(),now(),TRUE,92283
1832781,Saigonj More,1830593,7,FALSE,now(),now(),TRUE,92291
1832782,Choran Tempu Stand,1830593,7,FALSE,now(),now(),TRUE,149191
1832783,Koloni Bazar,1830594,7,FALSE,now(),now(),TRUE,149156
1832784,Koloni Bazar,1830594,7,FALSE,now(),now(),TRUE,93066
1832785,Jharambari,1830594,7,FALSE,now(),now(),TRUE,93059
1832786,Horonathpur,1830594,7,FALSE,now(),now(),TRUE,93056
1832787,Koloni Bazar,1830594,7,FALSE,now(),now(),TRUE,80949
1832788,Horonathpur,1830594,7,FALSE,now(),now(),TRUE,93055
1832789,Jhar Ambari,1830594,7,FALSE,now(),now(),TRUE,93057
1832790,Jharambari,1830594,7,FALSE,now(),now(),TRUE,93060
1832791,Anondo Nagar,1830594,7,FALSE,now(),now(),TRUE,93052
1832792,Koloni Road,1830594,7,FALSE,now(),now(),TRUE,93067
1832793,Jharambari,1830594,7,FALSE,now(),now(),TRUE,149157
1832794,Hasar Para,1830594,7,FALSE,now(),now(),TRUE,93054
1832795,Sonamoti Setu,1830594,7,FALSE,now(),now(),TRUE,93069
1832796,Ketaber Para,1830594,7,FALSE,now(),now(),TRUE,93061
1832797,Jhar Ambari,1830594,7,FALSE,now(),now(),TRUE,93058
1832798,Khoyerbari,1830594,7,FALSE,now(),now(),TRUE,93062
1832799,Anondo Nagar,1830594,7,FALSE,now(),now(),TRUE,93051
1832800,Post Office,1830595,7,FALSE,now(),now(),TRUE,122334
1832801,Vendabari Vitor Bazar,1830595,7,FALSE,now(),now(),TRUE,92803
1832802,Vendabari Vitor Bazar,1830595,7,FALSE,now(),now(),TRUE,93025
1832803,Post Office,1830595,7,FALSE,now(),now(),TRUE,130460
1832804,Vendabari Pump,1830595,7,FALSE,now(),now(),TRUE,93022
1832805,Vendabari Pump,1830595,7,FALSE,now(),now(),TRUE,93023
1832806,Vendabari Char Matha,1830595,7,FALSE,now(),now(),TRUE,93019
1832807,Dhan Hati,1830595,7,FALSE,now(),now(),TRUE,93014
1832808,Danesh Nagar Road,1830595,7,FALSE,now(),now(),TRUE,93012
1832809,Vendabari Char Matha,1830595,7,FALSE,now(),now(),TRUE,149158
1832810,Vendabari Vitor Bazar,1830595,7,FALSE,now(),now(),TRUE,149160
1832811,Vendabari Pump,1830595,7,FALSE,now(),now(),TRUE,93024
1832812,Danesh Nagar Road,1830595,7,FALSE,now(),now(),TRUE,93013
1832813,Rupali Bank,1830595,7,FALSE,now(),now(),TRUE,93018
1832814,Dhan Hati,1830595,7,FALSE,now(),now(),TRUE,91924
1832815,Bisla,1830595,7,FALSE,now(),now(),TRUE,93011
1832816,Dhan Hati,1830595,7,FALSE,now(),now(),TRUE,93015
1832817,Vendabari Char Matha,1830595,7,FALSE,now(),now(),TRUE,93021
1832818,Pantha Pukur,1830595,7,FALSE,now(),now(),TRUE,93016
1832819,Post Office,1830595,7,FALSE,now(),now(),TRUE,8555
1832820,Vendabari Char Matha,1830595,7,FALSE,now(),now(),TRUE,93020
1832821,Rupali Bank,1830595,7,FALSE,now(),now(),TRUE,112721
1832822,Vendabari Pump,1830595,7,FALSE,now(),now(),TRUE,149159
1832823,Pantha Pukur,1830596,7,FALSE,now(),now(),TRUE,93122
1832824,Choupoti Bazar,1830596,7,FALSE,now(),now(),TRUE,149150
1832825,Choupoti Bazar,1830596,7,FALSE,now(),now(),TRUE,93113
1832826,Choupoti Bazar,1830596,7,FALSE,now(),now(),TRUE,149149
1832827,Boter Chora,1830596,7,FALSE,now(),now(),TRUE,93104
1832828,Jhar Fisla,1830596,7,FALSE,now(),now(),TRUE,149147
1832829,Morich Bari,1830596,7,FALSE,now(),now(),TRUE,93120
1832830,Boter Chora,1830596,7,FALSE,now(),now(),TRUE,93105
1832831,Jhar Fisla,1830596,7,FALSE,now(),now(),TRUE,93118
1832832,Choupoti Bazar,1830596,7,FALSE,now(),now(),TRUE,149148
1832833,Morich Bari,1830596,7,FALSE,now(),now(),TRUE,93119
1832834,Chawpothi Bazar,1830596,7,FALSE,now(),now(),TRUE,133296
1832835,Jarbishla,1830596,7,FALSE,now(),now(),TRUE,133299
1832836,Morich Bari,1830596,7,FALSE,now(),now(),TRUE,133298
1832837,Boter Chora,1830596,7,FALSE,now(),now(),TRUE,133297
1832838,Sulunga,1830596,7,FALSE,now(),now(),TRUE,93124
1832839,Boter Chora,1830596,7,FALSE,now(),now(),TRUE,93103
1832840,Sulunga,1830596,7,FALSE,now(),now(),TRUE,93123
1832841,Gopal Pur Union Porisod,1830596,7,FALSE,now(),now(),TRUE,93117
1832842,Morich Bari,1830596,7,FALSE,now(),now(),TRUE,93121
1832843,Sulunga,1830596,7,FALSE,now(),now(),TRUE,93125
1832844,High School Gate,1830597,7,FALSE,now(),now(),TRUE,149185
1832845,Keshobpur,1830597,7,FALSE,now(),now(),TRUE,27391
1832846,Keshobpur Road,1830597,7,FALSE,now(),now(),TRUE,149181
1832847,Choran Porishod Gate,1830597,7,FALSE,now(),now(),TRUE,92264
1832848,Choran Bazar,1830597,7,FALSE,now(),now(),TRUE,149182
1832849,Balika School Gate,1830597,7,FALSE,now(),now(),TRUE,149183
1832850,High S Gate,1830597,7,FALSE,now(),now(),TRUE,88171
1832851,Choran Road,1830597,7,FALSE,now(),now(),TRUE,92265
1832852,Choran Bazar,1830597,7,FALSE,now(),now(),TRUE,92263
1832853,Sapla chottor,1830597,7,FALSE,now(),now(),TRUE,92275
1832854,Keshobpur,1830597,7,FALSE,now(),now(),TRUE,92273
1832855,Supnopurry Road,1830597,7,FALSE,now(),now(),TRUE,92277
1832856,Choran Vatar Para,1830597,7,FALSE,now(),now(),TRUE,92266
1832857,Choran Vatar Para,1830597,7,FALSE,now(),now(),TRUE,92267
1832858,Gachuya para,1830597,7,FALSE,now(),now(),TRUE,92269
1832859,Choran Road,1830597,7,FALSE,now(),now(),TRUE,149184
1832860,High School Gate,1830597,7,FALSE,now(),now(),TRUE,149186
1832861,High School Gate,1830597,7,FALSE,now(),now(),TRUE,70364
1832862,Keshobpur More,1830597,7,FALSE,now(),now(),TRUE,92271
1832863,Choran Vatar Para,1830597,7,FALSE,now(),now(),TRUE,149180
1832864,High School Gate,1830597,7,FALSE,now(),now(),TRUE,70363
1832865,High School Gate,1830597,7,FALSE,now(),now(),TRUE,149188
1832866,Keshobpur Road,1830597,7,FALSE,now(),now(),TRUE,149187
1832867,Helencha,1830598,7,FALSE,now(),now(),TRUE,92310
1832868,Shaltir Hat,1830598,7,FALSE,now(),now(),TRUE,92316
1832869,Nager Hat Bus Stand,1830598,7,FALSE,now(),now(),TRUE,92289
1832870,Kutub pur,1830598,7,FALSE,now(),now(),TRUE,92311
1832871,Sahebgonj More,1830598,7,FALSE,now(),now(),TRUE,92313
1832872,Shaltir Hat Uttor,1830598,7,FALSE,now(),now(),TRUE,92314
1832873,Nager Hat Bus Stand Road,1830598,7,FALSE,now(),now(),TRUE,92287
1832874,Talimgonj,1830598,7,FALSE,now(),now(),TRUE,92318
1832875,Talimgonj,1830598,7,FALSE,now(),now(),TRUE,92317
1832876,Nager Hat Bus Stand,1830598,7,FALSE,now(),now(),TRUE,92312
1832877,Shaltir Hat,1830598,7,FALSE,now(),now(),TRUE,92315
1832878,Nager Hat Bus Stand,1830598,7,FALSE,now(),now(),TRUE,149179
1832879,Ghater Par,1830598,7,FALSE,now(),now(),TRUE,92309
1832880,Bishmail,1830599,7,FALSE,now(),now(),TRUE,93070
1832881,Kola Bagan,1830599,7,FALSE,now(),now(),TRUE,28790
1832882,Bishmail,1830599,7,FALSE,now(),now(),TRUE,93073
1832883,Laldighi,1830599,7,FALSE,now(),now(),TRUE,93084
1832884,Kola Bagan,1830599,7,FALSE,now(),now(),TRUE,45578
1832885,Laldighi,1830599,7,FALSE,now(),now(),TRUE,149152
1832886,Laldighi,1830599,7,FALSE,now(),now(),TRUE,149151
1832887,Bishmail,1830599,7,FALSE,now(),now(),TRUE,93071
1832888,Bishmail,1830599,7,FALSE,now(),now(),TRUE,93072
1832889,Kola Bagan,1830599,7,FALSE,now(),now(),TRUE,2695
1832890,Laldighi,1830599,7,FALSE,now(),now(),TRUE,111381
1832891,Laldighi,1830599,7,FALSE,now(),now(),TRUE,133301
1832892,Laldighi Overpass,1830599,7,FALSE,now(),now(),TRUE,133302
1832893,Kola Bagan,1830599,7,FALSE,now(),now(),TRUE,111428
1832894,Kola Bagan More,1830599,7,FALSE,now(),now(),TRUE,93074
1832895,Balua More,1830600,7,FALSE,now(),now(),TRUE,92293
1832896,Balua Road,1830600,7,FALSE,now(),now(),TRUE,149176
1832897,Balua Road,1830600,7,FALSE,now(),now(),TRUE,92699
1832898,Filter Bazar,1830600,7,FALSE,now(),now(),TRUE,92303
1832899,Ejra Para,1830600,7,FALSE,now(),now(),TRUE,92301
1832900,Filter Bazar,1830600,7,FALSE,now(),now(),TRUE,92302
1832901,Balua More,1830600,7,FALSE,now(),now(),TRUE,92292
1832902,Filter Bazar,1830600,7,FALSE,now(),now(),TRUE,149178
1832903,Hamidpur,1830600,7,FALSE,now(),now(),TRUE,92304
1832904,Polipara Masimpur,1830600,7,FALSE,now(),now(),TRUE,92305
1832905,Balua Road,1830600,7,FALSE,now(),now(),TRUE,149177
1832906,Balua Road,1830600,7,FALSE,now(),now(),TRUE,92698
1832907,Boiragikuti,1830600,7,FALSE,now(),now(),TRUE,92299
1832908,Wazed Bridge,1830601,7,FALSE,now(),now(),TRUE,92344
1832909,Bot Tola,1830601,7,FALSE,now(),now(),TRUE,50932
1832910,Tukria,1830601,7,FALSE,now(),now(),TRUE,92342
1832911,Somoj Dighi,1830601,7,FALSE,now(),now(),TRUE,92338
1832912,Bot Para,1830601,7,FALSE,now(),now(),TRUE,92335
1832913,Bot Para,1830601,7,FALSE,now(),now(),TRUE,92336
1832914,Basudab Pur,1830601,7,FALSE,now(),now(),TRUE,92334
1832915,Tukria Road,1830601,7,FALSE,now(),now(),TRUE,149174
1832916,Tukria Road,1830601,7,FALSE,now(),now(),TRUE,149175
1832917,Tukria Vitor Bazer,1830601,7,FALSE,now(),now(),TRUE,92341
1832918,Tukria,1830601,7,FALSE,now(),now(),TRUE,92343
1832919,Gurji Para,1830602,7,FALSE,now(),now(),TRUE,93133
1832920,Gurji Para,1830602,7,FALSE,now(),now(),TRUE,133300
1832921,Vogobanpur,1830602,7,FALSE,now(),now(),TRUE,93137
1832922,Bou Bazar,1830602,7,FALSE,now(),now(),TRUE,26731
1832923,Gurji Para,1830602,7,FALSE,now(),now(),TRUE,93132
1832924,Vogobanpur,1830602,7,FALSE,now(),now(),TRUE,93136
1832925,Bou Bazar,1830602,7,FALSE,now(),now(),TRUE,30925
1832926,Gurji Para,1830602,7,FALSE,now(),now(),TRUE,93134
1832927,Kodder Para,1830602,7,FALSE,now(),now(),TRUE,93135
1832928,Union Parishad,1830602,7,FALSE,now(),now(),TRUE,81051
1832929,Bou Bazar,1830602,7,FALSE,now(),now(),TRUE,72598
1832930,Union Parishad,1830602,7,FALSE,now(),now(),TRUE,81052
1832931,Bou Bazar,1830602,7,FALSE,now(),now(),TRUE,39535
1832932,Durgapur Uttor,1830603,7,FALSE,now(),now(),TRUE,92328
1832933,Chowdhuri Gopalpur Road,1830603,7,FALSE,now(),now(),TRUE,92323
1832934,Chowdhuri Gopalpur Road,1830603,7,FALSE,now(),now(),TRUE,92324
1832935,Durgapur Uttor Road,1830603,7,FALSE,now(),now(),TRUE,149172
1832936,Chowdhuri Gopalpur Road,1830603,7,FALSE,now(),now(),TRUE,92325
1832937,Keshobpur More,1830603,7,FALSE,now(),now(),TRUE,92271
1832938,Durgapur Uttor,1830603,7,FALSE,now(),now(),TRUE,149168
1832939,Durgapur Uttor,1830603,7,FALSE,now(),now(),TRUE,149170
1832940,Durgapur Uttor,1830603,7,FALSE,now(),now(),TRUE,149171
1832941,Milonpur,1830603,7,FALSE,now(),now(),TRUE,92333
1832942,Chowdhuri Gopalpur More,1830603,7,FALSE,now(),now(),TRUE,92322
1832943,Kodomtoli More,1830603,7,FALSE,now(),now(),TRUE,92331
1832944,Milonpur,1830603,7,FALSE,now(),now(),TRUE,92332
1832945,Durgapur Uttor Road,1830603,7,FALSE,now(),now(),TRUE,149173
1832946,Keshobpur More,1830603,7,FALSE,now(),now(),TRUE,92272
1832947,Chowdhuri Gopalpur More,1830603,7,FALSE,now(),now(),TRUE,149169
1832948,Durgapur,1830603,7,FALSE,now(),now(),TRUE,48623
1832949,Sontoshpur,1830604,7,FALSE,now(),now(),TRUE,92360
1832950,Hasia Bridge,1830604,7,FALSE,now(),now(),TRUE,92357
1832951,Hagir hat,1830604,7,FALSE,now(),now(),TRUE,92354
1832952,Hagir hat,1830604,7,FALSE,now(),now(),TRUE,149166
1832953,Nishchinto Para,1830604,7,FALSE,now(),now(),TRUE,92358
1832954,Taltola,1830604,7,FALSE,now(),now(),TRUE,28423
1832955,Taltola Road,1830604,7,FALSE,now(),now(),TRUE,30677
1832956,Hagir hat Road,1830604,7,FALSE,now(),now(),TRUE,149164
1832957,Hagir hat,1830604,7,FALSE,now(),now(),TRUE,149167
1832958,Helencha,1830604,7,FALSE,now(),now(),TRUE,92310
1832959,Taltola,1830604,7,FALSE,now(),now(),TRUE,71788
1832960,Sontoshpur,1830604,7,FALSE,now(),now(),TRUE,149165
1832961,Tarof shadi,1830605,7,FALSE,now(),now(),TRUE,92353
1832962,Pirerhat,1830605,7,FALSE,now(),now(),TRUE,91796
1832963,Ragnath pur,1830605,7,FALSE,now(),now(),TRUE,92351
1832964,Tarof shadi Road,1830605,7,FALSE,now(),now(),TRUE,149163
1832965,Danes nogur,1830605,7,FALSE,now(),now(),TRUE,92346
1832966,Mokim pur,1830605,7,FALSE,now(),now(),TRUE,92349
1832967,Pirerhat,1830605,7,FALSE,now(),now(),TRUE,149161
1832968,Boger Barie,1830605,7,FALSE,now(),now(),TRUE,92345
1832969,Joladanga,1830605,7,FALSE,now(),now(),TRUE,92347
1832970,Joladanga,1830605,7,FALSE,now(),now(),TRUE,149162
1832971,Badda,1627773,7,FALSE,now(),now(),TRUE,123912
